contig_1	CONCOCT.11
contig_10	CONCOCT.11
contig_100	CONCOCT.21
contig_1001	CONCOCT.11
contig_1002	CONCOCT.11
contig_1003	CONCOCT.12
contig_1004	CONCOCT.14
contig_1005	CONCOCT.11
contig_1006	CONCOCT.12
contig_1007	CONCOCT.13
contig_1008	CONCOCT.26
contig_1009	CONCOCT.26
contig_101	CONCOCT.33
contig_1010	CONCOCT.4
contig_1011	CONCOCT.0
contig_1012	CONCOCT.26
contig_1013	CONCOCT.4
contig_1014	CONCOCT.0
contig_1015	CONCOCT.11
contig_1016	CONCOCT.1
contig_1017	CONCOCT.21
contig_1018	CONCOCT.4
contig_1019	CONCOCT.11
contig_102	CONCOCT.11
contig_1020	CONCOCT.10
contig_1021	CONCOCT.8
contig_1022	CONCOCT.13
contig_1023	CONCOCT.10
contig_1025	CONCOCT.33
contig_1026	CONCOCT.4
contig_1027	CONCOCT.31
contig_1028	CONCOCT.10
contig_1029	CONCOCT.19
contig_103	CONCOCT.13
contig_1031	CONCOCT.27
contig_1032	CONCOCT.11
contig_1033	CONCOCT.33
contig_1034	CONCOCT.11
contig_1035	CONCOCT.13
contig_1037	CONCOCT.11
contig_1038	CONCOCT.4
contig_1039	CONCOCT.11
contig_104	CONCOCT.13
contig_1041	CONCOCT.11
contig_1044	CONCOCT.11
contig_1045	CONCOCT.11
contig_1046	CONCOCT.11
contig_1047	CONCOCT.11
contig_1049	CONCOCT.19
contig_105	CONCOCT.8
contig_1052	CONCOCT.11
contig_1053	CONCOCT.11
contig_1054	CONCOCT.13
contig_1055	CONCOCT.4
contig_1057	CONCOCT.23
contig_1058	CONCOCT.31
contig_1059	CONCOCT.15
contig_106	CONCOCT.3
contig_1060	CONCOCT.26
contig_1061	CONCOCT.15
contig_1062	CONCOCT.33
contig_1063	CONCOCT.3
contig_1064	CONCOCT.0
contig_1065	CONCOCT.28
contig_1066	CONCOCT.0
contig_1067	CONCOCT.8
contig_1068	CONCOCT.4
contig_1069	CONCOCT.1
contig_107	CONCOCT.30
contig_1070	CONCOCT.10
contig_1071	CONCOCT.13
contig_1072	CONCOCT.19
contig_1074	CONCOCT.1
contig_1075	CONCOCT.21
contig_1076	CONCOCT.4
contig_1077	CONCOCT.8
contig_1078	CONCOCT.10
contig_1079	CONCOCT.1
contig_108	CONCOCT.16
contig_1080	CONCOCT.0
contig_1082	CONCOCT.13
contig_1083	CONCOCT.33
contig_1084	CONCOCT.13
contig_1086	CONCOCT.1
contig_1087	CONCOCT.13
contig_1088	CONCOCT.21
contig_109	CONCOCT.19
contig_1090	CONCOCT.4
contig_1091	CONCOCT.6
contig_1092	CONCOCT.29
contig_1093	CONCOCT.1
contig_1094	CONCOCT.27
contig_1097	CONCOCT.4
contig_1098	CONCOCT.8
contig_1099	CONCOCT.8
contig_11	CONCOCT.11
contig_110	CONCOCT.19
contig_1100	CONCOCT.8
contig_1102	CONCOCT.11
contig_1103	CONCOCT.28
contig_1104	CONCOCT.1
contig_1105	CONCOCT.0
contig_1106	CONCOCT.11
contig_1107	CONCOCT.13
contig_1108	CONCOCT.12
contig_1109	CONCOCT.11
contig_111	CONCOCT.33
contig_1110	CONCOCT.13
contig_1111	CONCOCT.13
contig_1112	CONCOCT.4
contig_1113	CONCOCT.3
contig_1114	CONCOCT.10
contig_1115	CONCOCT.8
contig_1117	CONCOCT.21
contig_1118	CONCOCT.4
contig_1119	CONCOCT.1
contig_112	CONCOCT.8
contig_1121	CONCOCT.8
contig_1122	CONCOCT.0
contig_1123	CONCOCT.0
contig_1124	CONCOCT.0
contig_1125	CONCOCT.31
contig_1127	CONCOCT.12
contig_1128	CONCOCT.8
contig_1129	CONCOCT.0
contig_113	CONCOCT.0
contig_1130	CONCOCT.13
contig_1131	CONCOCT.13
contig_1132	CONCOCT.11
contig_1133	CONCOCT.4
contig_1135	CONCOCT.0
contig_1136	CONCOCT.8
contig_1137	CONCOCT.11
contig_1138	CONCOCT.1
contig_1139	CONCOCT.21
contig_114	CONCOCT.8
contig_1140	CONCOCT.15
contig_1141	CONCOCT.30
contig_1142	CONCOCT.27
contig_1143	CONCOCT.13
contig_1144	CONCOCT.10
contig_1145	CONCOCT.33
contig_1146	CONCOCT.31
contig_1147	CONCOCT.26
contig_1148	CONCOCT.0
contig_1149	CONCOCT.11
contig_115	CONCOCT.19
contig_1150	CONCOCT.13
contig_1151	CONCOCT.15
contig_1152	CONCOCT.22
contig_1153	CONCOCT.26
contig_1154	CONCOCT.13
contig_1155	CONCOCT.3
contig_1156	CONCOCT.1
contig_1157	CONCOCT.1
contig_1158	CONCOCT.10
contig_1159	CONCOCT.11
contig_116	CONCOCT.0
contig_1160	CONCOCT.13
contig_1161	CONCOCT.12
contig_1163	CONCOCT.3
contig_1164	CONCOCT.29
contig_1165	CONCOCT.33
contig_1166	CONCOCT.12
contig_1167	CONCOCT.7
contig_1168	CONCOCT.27
contig_117	CONCOCT.8
contig_1170	CONCOCT.28
contig_1171	CONCOCT.0
contig_1172	CONCOCT.0
contig_1173	CONCOCT.0
contig_1174	CONCOCT.11
contig_1175	CONCOCT.10
contig_1177	CONCOCT.27
contig_1178	CONCOCT.11
contig_1179	CONCOCT.25
contig_118	CONCOCT.26
contig_1180	CONCOCT.26
contig_1181	CONCOCT.12
contig_1183	CONCOCT.13
contig_1184	CONCOCT.21
contig_1185	CONCOCT.10
contig_1186	CONCOCT.22
contig_1187	CONCOCT.11
contig_1188	CONCOCT.13
contig_1189	CONCOCT.13
contig_119	CONCOCT.33
contig_1190	CONCOCT.31
contig_1191	CONCOCT.29
contig_1192	CONCOCT.0
contig_1193	CONCOCT.0
contig_1194	CONCOCT.8
contig_1195	CONCOCT.5
contig_1196	CONCOCT.1
contig_1197	CONCOCT.0
contig_120	CONCOCT.5
contig_1200	CONCOCT.12
contig_1201	CONCOCT.13
contig_1202	CONCOCT.21
contig_1203	CONCOCT.19
contig_1204	CONCOCT.8
contig_1205	CONCOCT.11
contig_1206	CONCOCT.33
contig_1207	CONCOCT.29
contig_1208	CONCOCT.11
contig_1209	CONCOCT.1
contig_121	CONCOCT.10
contig_1210	CONCOCT.10
contig_1211	CONCOCT.26
contig_1212	CONCOCT.1
contig_1213	CONCOCT.8
contig_1214	CONCOCT.1
contig_1215	CONCOCT.0
contig_1216	CONCOCT.31
contig_1217	CONCOCT.21
contig_1218	CONCOCT.22
contig_1219	CONCOCT.3
contig_122	CONCOCT.10
contig_1220	CONCOCT.4
contig_1221	CONCOCT.1
contig_1222	CONCOCT.8
contig_1223	CONCOCT.8
contig_1224	CONCOCT.1
contig_1225	CONCOCT.31
contig_1226	CONCOCT.26
contig_1227	CONCOCT.4
contig_1229	CONCOCT.12
contig_123	CONCOCT.26
contig_1230	CONCOCT.11
contig_1231	CONCOCT.11
contig_1232	CONCOCT.8
contig_1233	CONCOCT.23
contig_1235	CONCOCT.10
contig_1236	CONCOCT.10
contig_1237	CONCOCT.4
contig_1238	CONCOCT.13
contig_1239	CONCOCT.10
contig_124	CONCOCT.26
contig_1240	CONCOCT.31
contig_1241	CONCOCT.8
contig_1242	CONCOCT.6
contig_1243	CONCOCT.0
contig_1244	CONCOCT.0
contig_1245	CONCOCT.21
contig_1246	CONCOCT.0
contig_1247	CONCOCT.21
contig_1248	CONCOCT.6
contig_1249	CONCOCT.13
contig_125	CONCOCT.10
contig_1250	CONCOCT.12
contig_1251	CONCOCT.8
contig_1252	CONCOCT.1
contig_1253	CONCOCT.13
contig_1254	CONCOCT.15
contig_1255	CONCOCT.11
contig_1256	CONCOCT.7
contig_1258	CONCOCT.3
contig_1259	CONCOCT.26
contig_126	CONCOCT.0
contig_1260	CONCOCT.33
contig_1262	CONCOCT.4
contig_1263	CONCOCT.29
contig_1265	CONCOCT.10
contig_1266	CONCOCT.31
contig_1268	CONCOCT.12
contig_127	CONCOCT.19
contig_1270	CONCOCT.13
contig_1272	CONCOCT.11
contig_1273	CONCOCT.25
contig_1274	CONCOCT.8
contig_1275	CONCOCT.11
contig_1276	CONCOCT.29
contig_1277	CONCOCT.16
contig_1278	CONCOCT.8
contig_1279	CONCOCT.0
contig_128	CONCOCT.26
contig_1280	CONCOCT.30
contig_1281	CONCOCT.0
contig_1284	CONCOCT.4
contig_1287	CONCOCT.11
contig_1288	CONCOCT.11
contig_1289	CONCOCT.0
contig_129	CONCOCT.11
contig_1290	CONCOCT.31
contig_1291	CONCOCT.10
contig_1292	CONCOCT.4
contig_1293	CONCOCT.31
contig_1294	CONCOCT.11
contig_1295	CONCOCT.27
contig_1296	CONCOCT.19
contig_1297	CONCOCT.1
contig_1298	CONCOCT.8
contig_1299	CONCOCT.0
contig_13	CONCOCT.11
contig_130	CONCOCT.26
contig_1300	CONCOCT.3
contig_1301	CONCOCT.12
contig_1302	CONCOCT.31
contig_1303	CONCOCT.31
contig_1304	CONCOCT.26
contig_1305	CONCOCT.0
contig_1306	CONCOCT.33
contig_1307	CONCOCT.13
contig_1308	CONCOCT.0
contig_1309	CONCOCT.1
contig_131	CONCOCT.22
contig_1310	CONCOCT.15
contig_1311	CONCOCT.11
contig_1313	CONCOCT.15
contig_1314	CONCOCT.0
contig_1315	CONCOCT.4
contig_1316	CONCOCT.13
contig_1317	CONCOCT.31
contig_1318	CONCOCT.21
contig_1319	CONCOCT.3
contig_132	CONCOCT.11
contig_1320	CONCOCT.10
contig_1321	CONCOCT.13
contig_1322	CONCOCT.13
contig_1323	CONCOCT.13
contig_1324	CONCOCT.13
contig_1325	CONCOCT.13
contig_1326	CONCOCT.11
contig_1327	CONCOCT.33
contig_1328	CONCOCT.26
contig_1329	CONCOCT.11
contig_133	CONCOCT.33
contig_1330	CONCOCT.13
contig_1332	CONCOCT.11
contig_1333	CONCOCT.27
contig_1334	CONCOCT.8
contig_1337	CONCOCT.1
contig_1338	CONCOCT.8
contig_134	CONCOCT.21
contig_1340	CONCOCT.11
contig_1342	CONCOCT.4
contig_1343	CONCOCT.1
contig_1344	CONCOCT.13
contig_1345	CONCOCT.1
contig_1347	CONCOCT.11
contig_1348	CONCOCT.11
contig_1349	CONCOCT.11
contig_135	CONCOCT.11
contig_1351	CONCOCT.33
contig_1352	CONCOCT.28
contig_1354	CONCOCT.13
contig_1355	CONCOCT.25
contig_1356	CONCOCT.26
contig_1357	CONCOCT.13
contig_1358	CONCOCT.1
contig_1359	CONCOCT.31
contig_136	CONCOCT.25
contig_1360	CONCOCT.22
contig_1361	CONCOCT.31
contig_1362	CONCOCT.23
contig_1363	CONCOCT.21
contig_1364	CONCOCT.1
contig_1365	CONCOCT.31
contig_1366	CONCOCT.13
contig_1367	CONCOCT.31
contig_1368	CONCOCT.3
contig_1369	CONCOCT.8
contig_137	CONCOCT.10
contig_1370	CONCOCT.33
contig_1371	CONCOCT.1
contig_1372	CONCOCT.31
contig_1373	CONCOCT.12
contig_1374	CONCOCT.0
contig_1375	CONCOCT.13
contig_1378	CONCOCT.4
contig_138	CONCOCT.11
contig_1380	CONCOCT.8
contig_1381	CONCOCT.0
contig_1382	CONCOCT.22
contig_1383	CONCOCT.4
contig_1386	CONCOCT.12
contig_1387	CONCOCT.31
contig_1388	CONCOCT.12
contig_1389	CONCOCT.22
contig_139	CONCOCT.31
contig_1390	CONCOCT.0
contig_1391	CONCOCT.33
contig_1392	CONCOCT.0
contig_1394	CONCOCT.10
contig_1395	CONCOCT.15
contig_1396	CONCOCT.15
contig_1397	CONCOCT.21
contig_1399	CONCOCT.15
contig_14	CONCOCT.15
contig_140	CONCOCT.12
contig_1400	CONCOCT.33
contig_1401	CONCOCT.8
contig_1402	CONCOCT.4
contig_1403	CONCOCT.4
contig_1404	CONCOCT.0
contig_1405	CONCOCT.27
contig_1406	CONCOCT.19
contig_1407	CONCOCT.26
contig_141	CONCOCT.4
contig_1411	CONCOCT.5
contig_1414	CONCOCT.2
contig_1415	CONCOCT.13
contig_1416	CONCOCT.27
contig_1417	CONCOCT.13
contig_1418	CONCOCT.0
contig_142	CONCOCT.15
contig_1420	CONCOCT.6
contig_1421	CONCOCT.3
contig_1422	CONCOCT.11
contig_1423	CONCOCT.0
contig_1424	CONCOCT.22
contig_1426	CONCOCT.12
contig_1427	CONCOCT.25
contig_1428	CONCOCT.14
contig_1429	CONCOCT.13
contig_143	CONCOCT.11
contig_1430	CONCOCT.33
contig_1431	CONCOCT.10
contig_1432	CONCOCT.13
contig_1433	CONCOCT.1
contig_1435	CONCOCT.13
contig_1436	CONCOCT.29
contig_1439	CONCOCT.15
contig_144	CONCOCT.28
contig_1440	CONCOCT.8
contig_1441	CONCOCT.27
contig_1442	CONCOCT.27
contig_1443	CONCOCT.29
contig_1444	CONCOCT.26
contig_1445	CONCOCT.4
contig_1446	CONCOCT.19
contig_1447	CONCOCT.11
contig_1448	CONCOCT.27
contig_1449	CONCOCT.3
contig_145	CONCOCT.4
contig_1451	CONCOCT.4
contig_1452	CONCOCT.28
contig_1455	CONCOCT.11
contig_1457	CONCOCT.31
contig_1459	CONCOCT.33
contig_146	CONCOCT.13
contig_1460	CONCOCT.7
contig_1461	CONCOCT.11
contig_1462	CONCOCT.26
contig_1463	CONCOCT.26
contig_1464	CONCOCT.26
contig_1465	CONCOCT.0
contig_1466	CONCOCT.33
contig_1467	CONCOCT.22
contig_1468	CONCOCT.1
contig_1469	CONCOCT.6
contig_147	CONCOCT.0
contig_1470	CONCOCT.13
contig_1471	CONCOCT.33
contig_1472	CONCOCT.33
contig_1473	CONCOCT.31
contig_1474	CONCOCT.15
contig_1475	CONCOCT.15
contig_1476	CONCOCT.26
contig_1477	CONCOCT.12
contig_1478	CONCOCT.22
contig_1479	CONCOCT.3
contig_148	CONCOCT.33
contig_1480	CONCOCT.0
contig_1481	CONCOCT.12
contig_1482	CONCOCT.8
contig_1483	CONCOCT.13
contig_1484	CONCOCT.0
contig_1485	CONCOCT.11
contig_1486	CONCOCT.0
contig_1487	CONCOCT.0
contig_1488	CONCOCT.0
contig_1489	CONCOCT.33
contig_149	CONCOCT.12
contig_1491	CONCOCT.8
contig_1492	CONCOCT.15
contig_1494	CONCOCT.4
contig_1495	CONCOCT.1
contig_1496	CONCOCT.8
contig_1498	CONCOCT.11
contig_1499	CONCOCT.8
contig_15	CONCOCT.1
contig_150	CONCOCT.31
contig_1502	CONCOCT.13
contig_1503	CONCOCT.16
contig_1505	CONCOCT.12
contig_1506	CONCOCT.21
contig_1507	CONCOCT.0
contig_1508	CONCOCT.23
contig_151	CONCOCT.11
contig_1510	CONCOCT.13
contig_1511	CONCOCT.8
contig_1512	CONCOCT.33
contig_1513	CONCOCT.21
contig_1514	CONCOCT.8
contig_1515	CONCOCT.30
contig_1516	CONCOCT.25
contig_1517	CONCOCT.13
contig_1518	CONCOCT.13
contig_1519	CONCOCT.15
contig_152	CONCOCT.11
contig_1521	CONCOCT.29
contig_1522	CONCOCT.13
contig_1523	CONCOCT.3
contig_1524	CONCOCT.11
contig_1526	CONCOCT.0
contig_1527	CONCOCT.0
contig_1529	CONCOCT.21
contig_153	CONCOCT.0
contig_1530	CONCOCT.13
contig_1531	CONCOCT.4
contig_1532	CONCOCT.11
contig_1533	CONCOCT.8
contig_1534	CONCOCT.7
contig_1535	CONCOCT.5
contig_1536	CONCOCT.26
contig_1537	CONCOCT.27
contig_1538	CONCOCT.13
contig_154	CONCOCT.13
contig_1540	CONCOCT.11
contig_1541	CONCOCT.12
contig_1543	CONCOCT.5
contig_1544	CONCOCT.0
contig_1546	CONCOCT.0
contig_1547	CONCOCT.4
contig_1548	CONCOCT.22
contig_155	CONCOCT.31
contig_1550	CONCOCT.13
contig_1551	CONCOCT.13
contig_1552	CONCOCT.12
contig_1553	CONCOCT.8
contig_1554	CONCOCT.25
contig_1555	CONCOCT.21
contig_1556	CONCOCT.8
contig_1558	CONCOCT.4
contig_1559	CONCOCT.11
contig_1560	CONCOCT.4
contig_1561	CONCOCT.13
contig_1563	CONCOCT.31
contig_1564	CONCOCT.1
contig_1565	CONCOCT.1
contig_1566	CONCOCT.27
contig_1567	CONCOCT.26
contig_1568	CONCOCT.13
contig_1569	CONCOCT.15
contig_1570	CONCOCT.31
contig_1573	CONCOCT.22
contig_1574	CONCOCT.5
contig_1575	CONCOCT.12
contig_1576	CONCOCT.0
contig_1577	CONCOCT.8
contig_1578	CONCOCT.10
contig_1579	CONCOCT.27
contig_158	CONCOCT.13
contig_1580	CONCOCT.13
contig_1581	CONCOCT.12
contig_1582	CONCOCT.31
contig_1583	CONCOCT.33
contig_1585	CONCOCT.13
contig_1586	CONCOCT.15
contig_1587	CONCOCT.31
contig_1588	CONCOCT.12
contig_1589	CONCOCT.0
contig_159	CONCOCT.33
contig_1590	CONCOCT.0
contig_1591	CONCOCT.1
contig_1593	CONCOCT.13
contig_1594	CONCOCT.15
contig_1595	CONCOCT.11
contig_1596	CONCOCT.5
contig_1597	CONCOCT.4
contig_1598	CONCOCT.11
contig_1599	CONCOCT.11
contig_16	CONCOCT.0
contig_160	CONCOCT.13
contig_1600	CONCOCT.28
contig_1601	CONCOCT.0
contig_1602	CONCOCT.18
contig_1604	CONCOCT.19
contig_1605	CONCOCT.12
contig_1606	CONCOCT.11
contig_1607	CONCOCT.11
contig_1609	CONCOCT.12
contig_161	CONCOCT.0
contig_1610	CONCOCT.22
contig_1613	CONCOCT.11
contig_1614	CONCOCT.8
contig_1615	CONCOCT.11
contig_1616	CONCOCT.22
contig_1617	CONCOCT.4
contig_1619	CONCOCT.31
contig_162	CONCOCT.13
contig_1620	CONCOCT.8
contig_1622	CONCOCT.27
contig_1623	CONCOCT.0
contig_1624	CONCOCT.0
contig_1625	CONCOCT.13
contig_1626	CONCOCT.13
contig_1627	CONCOCT.26
contig_1628	CONCOCT.4
contig_1629	CONCOCT.4
contig_163	CONCOCT.10
contig_1630	CONCOCT.6
contig_1631	CONCOCT.10
contig_1632	CONCOCT.1
contig_1633	CONCOCT.12
contig_1635	CONCOCT.11
contig_1638	CONCOCT.12
contig_1639	CONCOCT.29
contig_164	CONCOCT.4
contig_1641	CONCOCT.26
contig_1642	CONCOCT.26
contig_1643	CONCOCT.21
contig_1644	CONCOCT.30
contig_1645	CONCOCT.1
contig_1647	CONCOCT.12
contig_1648	CONCOCT.4
contig_1649	CONCOCT.13
contig_165	CONCOCT.0
contig_1650	CONCOCT.12
contig_1651	CONCOCT.11
contig_1652	CONCOCT.15
contig_1653	CONCOCT.0
contig_1654	CONCOCT.4
contig_1655	CONCOCT.13
contig_1657	CONCOCT.28
contig_1658	CONCOCT.33
contig_1659	CONCOCT.8
contig_166	CONCOCT.25
contig_1660	CONCOCT.1
contig_1661	CONCOCT.0
contig_1662	CONCOCT.1
contig_1663	CONCOCT.26
contig_1664	CONCOCT.10
contig_1665	CONCOCT.10
contig_1666	CONCOCT.28
contig_1667	CONCOCT.15
contig_1668	CONCOCT.0
contig_1669	CONCOCT.31
contig_167	CONCOCT.13
contig_1670	CONCOCT.26
contig_1672	CONCOCT.11
contig_1673	CONCOCT.13
contig_1675	CONCOCT.15
contig_1676	CONCOCT.31
contig_1677	CONCOCT.1
contig_1678	CONCOCT.8
contig_1679	CONCOCT.0
contig_168	CONCOCT.22
contig_1680	CONCOCT.13
contig_1681	CONCOCT.24
contig_1682	CONCOCT.16
contig_1683	CONCOCT.26
contig_1684	CONCOCT.8
contig_1685	CONCOCT.7
contig_1686	CONCOCT.26
contig_1687	CONCOCT.31
contig_1689	CONCOCT.25
contig_169	CONCOCT.12
contig_1691	CONCOCT.26
contig_1692	CONCOCT.13
contig_1693	CONCOCT.0
contig_1694	CONCOCT.22
contig_1695	CONCOCT.1
contig_1696	CONCOCT.8
contig_1697	CONCOCT.1
contig_1698	CONCOCT.12
contig_1699	CONCOCT.19
contig_17	CONCOCT.0
contig_170	CONCOCT.13
contig_1700	CONCOCT.5
contig_1701	CONCOCT.21
contig_1702	CONCOCT.0
contig_1703	CONCOCT.28
contig_1705	CONCOCT.25
contig_1706	CONCOCT.33
contig_1707	CONCOCT.27
contig_1708	CONCOCT.18
contig_1709	CONCOCT.1
contig_171	CONCOCT.8
contig_1710	CONCOCT.0
contig_1711	CONCOCT.12
contig_1714	CONCOCT.5
contig_1715	CONCOCT.4
contig_1716	CONCOCT.33
contig_1718	CONCOCT.3
contig_1719	CONCOCT.11
contig_172	CONCOCT.1
contig_1720	CONCOCT.0
contig_1721	CONCOCT.28
contig_1722	CONCOCT.30
contig_1723	CONCOCT.13
contig_1724	CONCOCT.27
contig_1725	CONCOCT.23
contig_1726	CONCOCT.13
contig_1727	CONCOCT.12
contig_1728	CONCOCT.31
contig_1729	CONCOCT.8
contig_173	CONCOCT.30
contig_1730	CONCOCT.30
contig_1731	CONCOCT.1
contig_1732	CONCOCT.0
contig_1733	CONCOCT.10
contig_1734	CONCOCT.0
contig_1735	CONCOCT.4
contig_1736	CONCOCT.22
contig_1737	CONCOCT.31
contig_1739	CONCOCT.31
contig_174	CONCOCT.26
contig_1740	CONCOCT.31
contig_1741	CONCOCT.12
contig_1742	CONCOCT.11
contig_1743	CONCOCT.0
contig_1744	CONCOCT.31
contig_1745	CONCOCT.33
contig_1746	CONCOCT.6
contig_1747	CONCOCT.31
contig_1748	CONCOCT.13
contig_1749	CONCOCT.3
contig_175	CONCOCT.11
contig_1751	CONCOCT.28
contig_1752	CONCOCT.14
contig_1753	CONCOCT.26
contig_1754	CONCOCT.27
contig_1755	CONCOCT.10
contig_1756	CONCOCT.2
contig_1757	CONCOCT.22
contig_1758	CONCOCT.31
contig_1760	CONCOCT.8
contig_1761	CONCOCT.0
contig_1762	CONCOCT.30
contig_1763	CONCOCT.23
contig_1764	CONCOCT.28
contig_1765	CONCOCT.33
contig_1766	CONCOCT.10
contig_1769	CONCOCT.1
contig_177	CONCOCT.1
contig_1770	CONCOCT.0
contig_1771	CONCOCT.0
contig_1772	CONCOCT.13
contig_1773	CONCOCT.7
contig_1774	CONCOCT.21
contig_1775	CONCOCT.33
contig_1776	CONCOCT.0
contig_1777	CONCOCT.27
contig_1778	CONCOCT.31
contig_178	CONCOCT.11
contig_1781	CONCOCT.30
contig_1782	CONCOCT.8
contig_1783	CONCOCT.11
contig_1784	CONCOCT.33
contig_1785	CONCOCT.15
contig_1786	CONCOCT.19
contig_1787	CONCOCT.27
contig_1788	CONCOCT.1
contig_1789	CONCOCT.28
contig_179	CONCOCT.11
contig_1790	CONCOCT.11
contig_1791	CONCOCT.31
contig_1792	CONCOCT.8
contig_1793	CONCOCT.33
contig_1794	CONCOCT.22
contig_1795	CONCOCT.26
contig_1796	CONCOCT.8
contig_1797	CONCOCT.11
contig_1798	CONCOCT.31
contig_1799	CONCOCT.21
contig_18	CONCOCT.8
contig_180	CONCOCT.1
contig_1800	CONCOCT.13
contig_1801	CONCOCT.26
contig_1802	CONCOCT.8
contig_1803	CONCOCT.12
contig_1804	CONCOCT.8
contig_1805	CONCOCT.13
contig_1806	CONCOCT.0
contig_1807	CONCOCT.33
contig_1809	CONCOCT.11
contig_181	CONCOCT.4
contig_1810	CONCOCT.1
contig_1811	CONCOCT.13
contig_1812	CONCOCT.8
contig_1813	CONCOCT.13
contig_1814	CONCOCT.0
contig_1815	CONCOCT.10
contig_1816	CONCOCT.11
contig_1817	CONCOCT.29
contig_1818	CONCOCT.11
contig_1819	CONCOCT.0
contig_182	CONCOCT.0
contig_1820	CONCOCT.26
contig_1821	CONCOCT.12
contig_1822	CONCOCT.0
contig_1823	CONCOCT.11
contig_1824	CONCOCT.21
contig_1825	CONCOCT.13
contig_1826	CONCOCT.12
contig_1827	CONCOCT.33
contig_1828	CONCOCT.10
contig_1829	CONCOCT.26
contig_183	CONCOCT.26
contig_1830	CONCOCT.12
contig_1832	CONCOCT.19
contig_1833	CONCOCT.12
contig_1834	CONCOCT.21
contig_1835	CONCOCT.12
contig_1836	CONCOCT.27
contig_1837	CONCOCT.21
contig_1838	CONCOCT.31
contig_1839	CONCOCT.31
contig_184	CONCOCT.8
contig_1840	CONCOCT.19
contig_1841	CONCOCT.11
contig_1842	CONCOCT.13
contig_1843	CONCOCT.8
contig_1846	CONCOCT.11
contig_1847	CONCOCT.22
contig_1848	CONCOCT.0
contig_1849	CONCOCT.4
contig_185	CONCOCT.11
contig_1850	CONCOCT.33
contig_1851	CONCOCT.2
contig_1852	CONCOCT.1
contig_1853	CONCOCT.12
contig_1854	CONCOCT.4
contig_1855	CONCOCT.4
contig_1857	CONCOCT.11
contig_1858	CONCOCT.25
contig_186	CONCOCT.13
contig_1862	CONCOCT.0
contig_1863	CONCOCT.31
contig_1864	CONCOCT.13
contig_1865	CONCOCT.0
contig_1866	CONCOCT.22
contig_1867	CONCOCT.8
contig_1868	CONCOCT.29
contig_1869	CONCOCT.29
contig_187	CONCOCT.11
contig_1870	CONCOCT.4
contig_1871	CONCOCT.29
contig_1872	CONCOCT.8
contig_1873	CONCOCT.13
contig_1874	CONCOCT.11
contig_1875	CONCOCT.10
contig_1876	CONCOCT.1
contig_1878	CONCOCT.26
contig_1879	CONCOCT.26
contig_188	CONCOCT.11
contig_1880	CONCOCT.4
contig_1883	CONCOCT.12
contig_1884	CONCOCT.0
contig_1885	CONCOCT.8
contig_1886	CONCOCT.11
contig_1887	CONCOCT.15
contig_1888	CONCOCT.23
contig_1889	CONCOCT.5
contig_189	CONCOCT.11
contig_1890	CONCOCT.1
contig_1891	CONCOCT.1
contig_1892	CONCOCT.0
contig_1893	CONCOCT.11
contig_1894	CONCOCT.13
contig_1897	CONCOCT.8
contig_1898	CONCOCT.4
contig_1899	CONCOCT.11
contig_19	CONCOCT.13
contig_190	CONCOCT.31
contig_1900	CONCOCT.12
contig_1902	CONCOCT.8
contig_1903	CONCOCT.0
contig_1905	CONCOCT.26
contig_1906	CONCOCT.31
contig_1907	CONCOCT.22
contig_1908	CONCOCT.8
contig_1909	CONCOCT.13
contig_191	CONCOCT.13
contig_1910	CONCOCT.12
contig_1911	CONCOCT.26
contig_1912	CONCOCT.10
contig_1913	CONCOCT.11
contig_1914	CONCOCT.26
contig_1916	CONCOCT.12
contig_1918	CONCOCT.31
contig_1919	CONCOCT.22
contig_192	CONCOCT.8
contig_1920	CONCOCT.13
contig_1921	CONCOCT.0
contig_1922	CONCOCT.31
contig_1923	CONCOCT.4
contig_1924	CONCOCT.11
contig_1925	CONCOCT.7
contig_1926	CONCOCT.21
contig_1927	CONCOCT.12
contig_1928	CONCOCT.12
contig_1929	CONCOCT.21
contig_193	CONCOCT.14
contig_1930	CONCOCT.21
contig_1931	CONCOCT.13
contig_1932	CONCOCT.1
contig_1933	CONCOCT.29
contig_1934	CONCOCT.26
contig_1936	CONCOCT.10
contig_1937	CONCOCT.0
contig_1938	CONCOCT.33
contig_1939	CONCOCT.27
contig_194	CONCOCT.11
contig_1940	CONCOCT.15
contig_1941	CONCOCT.1
contig_1942	CONCOCT.1
contig_1946	CONCOCT.30
contig_1947	CONCOCT.31
contig_195	CONCOCT.28
contig_1950	CONCOCT.25
contig_1951	CONCOCT.26
contig_1952	CONCOCT.22
contig_1953	CONCOCT.5
contig_1954	CONCOCT.13
contig_1955	CONCOCT.33
contig_1956	CONCOCT.4
contig_1957	CONCOCT.29
contig_1958	CONCOCT.13
contig_1959	CONCOCT.27
contig_196	CONCOCT.10
contig_1960	CONCOCT.8
contig_1961	CONCOCT.27
contig_1962	CONCOCT.13
contig_1963	CONCOCT.1
contig_1964	CONCOCT.0
contig_1965	CONCOCT.4
contig_1966	CONCOCT.0
contig_1967	CONCOCT.3
contig_1968	CONCOCT.33
contig_1969	CONCOCT.13
contig_197	CONCOCT.3
contig_1970	CONCOCT.1
contig_1972	CONCOCT.8
contig_1973	CONCOCT.30
contig_1974	CONCOCT.30
contig_1976	CONCOCT.1
contig_1977	CONCOCT.15
contig_1978	CONCOCT.14
contig_1979	CONCOCT.1
contig_198	CONCOCT.26
contig_1980	CONCOCT.0
contig_1981	CONCOCT.0
contig_1982	CONCOCT.26
contig_1983	CONCOCT.26
contig_1986	CONCOCT.13
contig_1987	CONCOCT.31
contig_1988	CONCOCT.0
contig_1989	CONCOCT.28
contig_199	CONCOCT.0
contig_1990	CONCOCT.21
contig_1991	CONCOCT.1
contig_1992	CONCOCT.28
contig_1993	CONCOCT.22
contig_1994	CONCOCT.21
contig_1995	CONCOCT.31
contig_1997	CONCOCT.13
contig_1998	CONCOCT.26
contig_1999	CONCOCT.8
contig_2	CONCOCT.11
contig_20	CONCOCT.0
contig_200	CONCOCT.0
contig_2000	CONCOCT.13
contig_2003	CONCOCT.11
contig_2005	CONCOCT.15
contig_2006	CONCOCT.28
contig_2007	CONCOCT.33
contig_2008	CONCOCT.11
contig_2009	CONCOCT.27
contig_2010	CONCOCT.13
contig_2011	CONCOCT.13
contig_2013	CONCOCT.10
contig_2014	CONCOCT.6
contig_2016	CONCOCT.33
contig_2017	CONCOCT.11
contig_2018	CONCOCT.12
contig_2019	CONCOCT.11
contig_202	CONCOCT.8
contig_2020	CONCOCT.0
contig_2021	CONCOCT.12
contig_2022	CONCOCT.4
contig_2023	CONCOCT.0
contig_2024	CONCOCT.33
contig_2025	CONCOCT.16
contig_2026	CONCOCT.11
contig_2027	CONCOCT.13
contig_2028	CONCOCT.21
contig_2029	CONCOCT.22
contig_203	CONCOCT.11
contig_2030	CONCOCT.11
contig_2031	CONCOCT.21
contig_2033	CONCOCT.26
contig_2034	CONCOCT.4
contig_2035	CONCOCT.10
contig_2036	CONCOCT.12
contig_2037	CONCOCT.8
contig_2038	CONCOCT.12
contig_2039	CONCOCT.30
contig_204	CONCOCT.11
contig_2040	CONCOCT.11
contig_2041	CONCOCT.22
contig_2042	CONCOCT.0
contig_2043	CONCOCT.8
contig_2044	CONCOCT.12
contig_2045	CONCOCT.12
contig_2046	CONCOCT.27
contig_2047	CONCOCT.0
contig_2048	CONCOCT.0
contig_2049	CONCOCT.1
contig_205	CONCOCT.26
contig_2050	CONCOCT.1
contig_2052	CONCOCT.22
contig_2054	CONCOCT.11
contig_2055	CONCOCT.11
contig_2057	CONCOCT.11
contig_2058	CONCOCT.1
contig_206	CONCOCT.33
contig_2061	CONCOCT.21
contig_2062	CONCOCT.10
contig_2063	CONCOCT.31
contig_2064	CONCOCT.8
contig_2065	CONCOCT.1
contig_2066	CONCOCT.0
contig_2067	CONCOCT.11
contig_2068	CONCOCT.11
contig_2069	CONCOCT.27
contig_207	CONCOCT.13
contig_2070	CONCOCT.26
contig_2071	CONCOCT.26
contig_2072	CONCOCT.11
contig_2073	CONCOCT.19
contig_2074	CONCOCT.27
contig_2075	CONCOCT.15
contig_2076	CONCOCT.10
contig_2077	CONCOCT.11
contig_2078	CONCOCT.21
contig_2079	CONCOCT.13
contig_208	CONCOCT.30
contig_2081	CONCOCT.25
contig_2082	CONCOCT.8
contig_2083	CONCOCT.13
contig_2084	CONCOCT.31
contig_2085	CONCOCT.11
contig_2086	CONCOCT.11
contig_2087	CONCOCT.26
contig_2088	CONCOCT.12
contig_2089	CONCOCT.13
contig_209	CONCOCT.4
contig_2090	CONCOCT.12
contig_2091	CONCOCT.8
contig_2092	CONCOCT.28
contig_2094	CONCOCT.0
contig_2095	CONCOCT.10
contig_2096	CONCOCT.10
contig_2097	CONCOCT.1
contig_2099	CONCOCT.15
contig_210	CONCOCT.19
contig_2101	CONCOCT.22
contig_2102	CONCOCT.15
contig_2103	CONCOCT.10
contig_2104	CONCOCT.10
contig_2105	CONCOCT.1
contig_2107	CONCOCT.10
contig_2108	CONCOCT.33
contig_2109	CONCOCT.10
contig_211	CONCOCT.13
contig_2110	CONCOCT.29
contig_2111	CONCOCT.10
contig_2112	CONCOCT.33
contig_2113	CONCOCT.0
contig_2114	CONCOCT.0
contig_2115	CONCOCT.2
contig_2116	CONCOCT.0
contig_2117	CONCOCT.13
contig_2118	CONCOCT.13
contig_2119	CONCOCT.1
contig_2120	CONCOCT.26
contig_2121	CONCOCT.33
contig_2122	CONCOCT.30
contig_2123	CONCOCT.14
contig_2124	CONCOCT.13
contig_2125	CONCOCT.0
contig_2126	CONCOCT.33
contig_2127	CONCOCT.12
contig_2128	CONCOCT.4
contig_2129	CONCOCT.4
contig_213	CONCOCT.11
contig_2130	CONCOCT.11
contig_2131	CONCOCT.13
contig_2132	CONCOCT.0
contig_2134	CONCOCT.10
contig_2135	CONCOCT.26
contig_2137	CONCOCT.29
contig_2138	CONCOCT.22
contig_2139	CONCOCT.8
contig_214	CONCOCT.31
contig_2140	CONCOCT.30
contig_2141	CONCOCT.19
contig_2142	CONCOCT.19
contig_2144	CONCOCT.33
contig_2145	CONCOCT.3
contig_2146	CONCOCT.19
contig_2149	CONCOCT.1
contig_215	CONCOCT.21
contig_2150	CONCOCT.1
contig_2151	CONCOCT.30
contig_2152	CONCOCT.8
contig_2153	CONCOCT.0
contig_2154	CONCOCT.33
contig_2155	CONCOCT.13
contig_2156	CONCOCT.29
contig_2157	CONCOCT.12
contig_2158	CONCOCT.1
contig_2159	CONCOCT.28
contig_216	CONCOCT.3
contig_2160	CONCOCT.8
contig_2161	CONCOCT.5
contig_2162	CONCOCT.14
contig_2163	CONCOCT.25
contig_2164	CONCOCT.4
contig_2166	CONCOCT.2
contig_2167	CONCOCT.8
contig_2168	CONCOCT.13
contig_217	CONCOCT.11
contig_2170	CONCOCT.30
contig_2171	CONCOCT.11
contig_2172	CONCOCT.23
contig_2174	CONCOCT.27
contig_2175	CONCOCT.12
contig_2176	CONCOCT.11
contig_2177	CONCOCT.13
contig_2179	CONCOCT.11
contig_218	CONCOCT.10
contig_2180	CONCOCT.11
contig_2181	CONCOCT.13
contig_2182	CONCOCT.31
contig_2183	CONCOCT.33
contig_2185	CONCOCT.30
contig_2186	CONCOCT.13
contig_2187	CONCOCT.4
contig_2188	CONCOCT.13
contig_2189	CONCOCT.0
contig_219	CONCOCT.8
contig_2190	CONCOCT.20
contig_2191	CONCOCT.0
contig_2192	CONCOCT.14
contig_2193	CONCOCT.12
contig_2194	CONCOCT.7
contig_2195	CONCOCT.27
contig_2196	CONCOCT.0
contig_2197	CONCOCT.0
contig_2198	CONCOCT.28
contig_22	CONCOCT.31
contig_220	CONCOCT.11
contig_2200	CONCOCT.12
contig_2201	CONCOCT.13
contig_2202	CONCOCT.0
contig_2203	CONCOCT.5
contig_2204	CONCOCT.13
contig_2205	CONCOCT.1
contig_2206	CONCOCT.0
contig_2207	CONCOCT.1
contig_2208	CONCOCT.33
contig_2209	CONCOCT.11
contig_221	CONCOCT.19
contig_2210	CONCOCT.27
contig_2211	CONCOCT.19
contig_2214	CONCOCT.21
contig_2215	CONCOCT.13
contig_2216	CONCOCT.11
contig_2217	CONCOCT.2
contig_2218	CONCOCT.33
contig_2219	CONCOCT.8
contig_222	CONCOCT.19
contig_2220	CONCOCT.7
contig_2221	CONCOCT.5
contig_2222	CONCOCT.26
contig_2224	CONCOCT.8
contig_2225	CONCOCT.10
contig_2226	CONCOCT.8
contig_2227	CONCOCT.0
contig_2228	CONCOCT.27
contig_2229	CONCOCT.8
contig_223	CONCOCT.0
contig_2230	CONCOCT.11
contig_2231	CONCOCT.0
contig_2232	CONCOCT.29
contig_2233	CONCOCT.31
contig_2234	CONCOCT.0
contig_2235	CONCOCT.11
contig_2236	CONCOCT.4
contig_2237	CONCOCT.13
contig_2238	CONCOCT.13
contig_2239	CONCOCT.13
contig_224	CONCOCT.22
contig_2240	CONCOCT.0
contig_2241	CONCOCT.26
contig_2242	CONCOCT.22
contig_2243	CONCOCT.33
contig_2244	CONCOCT.8
contig_2245	CONCOCT.19
contig_2246	CONCOCT.23
contig_2247	CONCOCT.27
contig_2248	CONCOCT.0
contig_2249	CONCOCT.33
contig_225	CONCOCT.0
contig_2252	CONCOCT.28
contig_2253	CONCOCT.0
contig_2254	CONCOCT.13
contig_2255	CONCOCT.33
contig_2257	CONCOCT.30
contig_2258	CONCOCT.13
contig_2259	CONCOCT.0
contig_226	CONCOCT.30
contig_2260	CONCOCT.25
contig_2262	CONCOCT.0
contig_2263	CONCOCT.11
contig_2264	CONCOCT.13
contig_2265	CONCOCT.25
contig_2266	CONCOCT.0
contig_2267	CONCOCT.11
contig_2268	CONCOCT.0
contig_227	CONCOCT.13
contig_2270	CONCOCT.13
contig_2271	CONCOCT.8
contig_2272	CONCOCT.0
contig_2274	CONCOCT.14
contig_2275	CONCOCT.8
contig_2276	CONCOCT.13
contig_2277	CONCOCT.1
contig_2278	CONCOCT.8
contig_2279	CONCOCT.12
contig_228	CONCOCT.33
contig_2280	CONCOCT.8
contig_2281	CONCOCT.10
contig_2282	CONCOCT.11
contig_2283	CONCOCT.8
contig_2284	CONCOCT.8
contig_2285	CONCOCT.12
contig_2286	CONCOCT.13
contig_2287	CONCOCT.4
contig_2288	CONCOCT.13
contig_2289	CONCOCT.0
contig_229	CONCOCT.12
contig_2290	CONCOCT.0
contig_2292	CONCOCT.11
contig_2293	CONCOCT.0
contig_2294	CONCOCT.4
contig_2295	CONCOCT.0
contig_2296	CONCOCT.11
contig_2298	CONCOCT.13
contig_2299	CONCOCT.27
contig_230	CONCOCT.26
contig_2300	CONCOCT.0
contig_2301	CONCOCT.33
contig_2302	CONCOCT.4
contig_2303	CONCOCT.4
contig_2304	CONCOCT.33
contig_2305	CONCOCT.26
contig_2306	CONCOCT.0
contig_2307	CONCOCT.22
contig_2308	CONCOCT.27
contig_2309	CONCOCT.15
contig_231	CONCOCT.13
contig_2310	CONCOCT.12
contig_2311	CONCOCT.11
contig_2312	CONCOCT.11
contig_2313	CONCOCT.12
contig_2314	CONCOCT.22
contig_2315	CONCOCT.26
contig_2316	CONCOCT.21
contig_2317	CONCOCT.26
contig_2318	CONCOCT.26
contig_2319	CONCOCT.26
contig_232	CONCOCT.12
contig_2320	CONCOCT.8
contig_2321	CONCOCT.4
contig_2322	CONCOCT.15
contig_2323	CONCOCT.0
contig_2324	CONCOCT.1
contig_2325	CONCOCT.11
contig_2326	CONCOCT.19
contig_2327	CONCOCT.10
contig_2328	CONCOCT.0
contig_2330	CONCOCT.25
contig_2331	CONCOCT.0
contig_2332	CONCOCT.19
contig_2333	CONCOCT.22
contig_2334	CONCOCT.13
contig_2335	CONCOCT.13
contig_2336	CONCOCT.1
contig_2337	CONCOCT.0
contig_2338	CONCOCT.0
contig_2339	CONCOCT.10
contig_2340	CONCOCT.8
contig_2341	CONCOCT.22
contig_2342	CONCOCT.21
contig_2343	CONCOCT.0
contig_2344	CONCOCT.13
contig_2345	CONCOCT.1
contig_2346	CONCOCT.4
contig_2347	CONCOCT.4
contig_2349	CONCOCT.25
contig_235	CONCOCT.19
contig_2350	CONCOCT.15
contig_2352	CONCOCT.0
contig_2353	CONCOCT.8
contig_2354	CONCOCT.12
contig_2355	CONCOCT.10
contig_2356	CONCOCT.4
contig_2357	CONCOCT.5
contig_236	CONCOCT.13
contig_2360	CONCOCT.26
contig_2361	CONCOCT.26
contig_2362	CONCOCT.14
contig_2363	CONCOCT.10
contig_2364	CONCOCT.4
contig_2365	CONCOCT.4
contig_2366	CONCOCT.0
contig_2367	CONCOCT.19
contig_2368	CONCOCT.26
contig_2369	CONCOCT.13
contig_237	CONCOCT.11
contig_2370	CONCOCT.31
contig_2371	CONCOCT.11
contig_2372	CONCOCT.10
contig_2373	CONCOCT.10
contig_2374	CONCOCT.18
contig_2375	CONCOCT.26
contig_2377	CONCOCT.11
contig_2378	CONCOCT.10
contig_2379	CONCOCT.30
contig_2380	CONCOCT.27
contig_2382	CONCOCT.11
contig_2383	CONCOCT.10
contig_2386	CONCOCT.5
contig_2387	CONCOCT.10
contig_2388	CONCOCT.22
contig_2389	CONCOCT.8
contig_2390	CONCOCT.33
contig_2391	CONCOCT.30
contig_2392	CONCOCT.26
contig_2393	CONCOCT.0
contig_2394	CONCOCT.29
contig_2395	CONCOCT.1
contig_2396	CONCOCT.1
contig_2397	CONCOCT.12
contig_2398	CONCOCT.1
contig_2399	CONCOCT.12
contig_2400	CONCOCT.27
contig_2402	CONCOCT.1
contig_2403	CONCOCT.12
contig_2404	CONCOCT.19
contig_2405	CONCOCT.30
contig_2406	CONCOCT.26
contig_2407	CONCOCT.12
contig_2408	CONCOCT.13
contig_2409	CONCOCT.3
contig_2410	CONCOCT.11
contig_2411	CONCOCT.1
contig_2412	CONCOCT.13
contig_2413	CONCOCT.26
contig_2414	CONCOCT.12
contig_2416	CONCOCT.13
contig_2417	CONCOCT.13
contig_2418	CONCOCT.26
contig_2419	CONCOCT.8
contig_242	CONCOCT.2
contig_2420	CONCOCT.4
contig_2421	CONCOCT.4
contig_2422	CONCOCT.26
contig_2423	CONCOCT.0
contig_2424	CONCOCT.3
contig_2425	CONCOCT.12
contig_2427	CONCOCT.19
contig_2428	CONCOCT.33
contig_2429	CONCOCT.10
contig_2431	CONCOCT.8
contig_2432	CONCOCT.26
contig_2433	CONCOCT.13
contig_2435	CONCOCT.0
contig_2436	CONCOCT.2
contig_2437	CONCOCT.4
contig_2438	CONCOCT.33
contig_2439	CONCOCT.11
contig_244	CONCOCT.11
contig_2440	CONCOCT.11
contig_2441	CONCOCT.1
contig_2442	CONCOCT.0
contig_2443	CONCOCT.19
contig_2445	CONCOCT.31
contig_2446	CONCOCT.31
contig_2447	CONCOCT.12
contig_2448	CONCOCT.10
contig_2449	CONCOCT.31
contig_2450	CONCOCT.0
contig_2451	CONCOCT.8
contig_2453	CONCOCT.10
contig_2455	CONCOCT.13
contig_2456	CONCOCT.19
contig_2457	CONCOCT.1
contig_2458	CONCOCT.1
contig_2459	CONCOCT.1
contig_2460	CONCOCT.4
contig_2461	CONCOCT.30
contig_2462	CONCOCT.26
contig_2463	CONCOCT.12
contig_2464	CONCOCT.11
contig_2465	CONCOCT.2
contig_2466	CONCOCT.33
contig_2468	CONCOCT.19
contig_2469	CONCOCT.1
contig_247	CONCOCT.13
contig_2470	CONCOCT.0
contig_2471	CONCOCT.28
contig_2472	CONCOCT.30
contig_2473	CONCOCT.6
contig_2474	CONCOCT.8
contig_2475	CONCOCT.8
contig_2476	CONCOCT.8
contig_2477	CONCOCT.31
contig_2478	CONCOCT.11
contig_2479	CONCOCT.0
contig_248	CONCOCT.2
contig_2480	CONCOCT.13
contig_2481	CONCOCT.31
contig_2482	CONCOCT.15
contig_2483	CONCOCT.31
contig_2484	CONCOCT.28
contig_2485	CONCOCT.28
contig_2486	CONCOCT.1
contig_2487	CONCOCT.10
contig_2488	CONCOCT.15
contig_2490	CONCOCT.8
contig_2491	CONCOCT.26
contig_2492	CONCOCT.1
contig_2493	CONCOCT.8
contig_2494	CONCOCT.12
contig_2495	CONCOCT.11
contig_2496	CONCOCT.33
contig_2497	CONCOCT.10
contig_2498	CONCOCT.15
contig_2499	CONCOCT.4
contig_250	CONCOCT.11
contig_2500	CONCOCT.0
contig_2501	CONCOCT.18
contig_2502	CONCOCT.16
contig_2503	CONCOCT.4
contig_2504	CONCOCT.12
contig_2505	CONCOCT.22
contig_2506	CONCOCT.26
contig_2509	CONCOCT.26
contig_2510	CONCOCT.0
contig_2511	CONCOCT.4
contig_2512	CONCOCT.10
contig_2513	CONCOCT.15
contig_2514	CONCOCT.0
contig_2515	CONCOCT.13
contig_2516	CONCOCT.15
contig_2517	CONCOCT.8
contig_2518	CONCOCT.3
contig_2519	CONCOCT.33
contig_2520	CONCOCT.0
contig_2521	CONCOCT.4
contig_2524	CONCOCT.11
contig_2525	CONCOCT.23
contig_2526	CONCOCT.5
contig_2527	CONCOCT.5
contig_2528	CONCOCT.27
contig_2529	CONCOCT.31
contig_2530	CONCOCT.1
contig_2531	CONCOCT.11
contig_2532	CONCOCT.11
contig_2533	CONCOCT.11
contig_2534	CONCOCT.11
contig_2535	CONCOCT.25
contig_2536	CONCOCT.8
contig_2537	CONCOCT.13
contig_2538	CONCOCT.30
contig_2539	CONCOCT.33
contig_254	CONCOCT.4
contig_2540	CONCOCT.12
contig_2541	CONCOCT.11
contig_2542	CONCOCT.29
contig_2543	CONCOCT.8
contig_2544	CONCOCT.10
contig_2545	CONCOCT.31
contig_2546	CONCOCT.10
contig_2547	CONCOCT.27
contig_2548	CONCOCT.11
contig_255	CONCOCT.4
contig_2550	CONCOCT.11
contig_2551	CONCOCT.27
contig_2552	CONCOCT.11
contig_2553	CONCOCT.8
contig_2554	CONCOCT.11
contig_2555	CONCOCT.28
contig_2556	CONCOCT.27
contig_2557	CONCOCT.7
contig_2558	CONCOCT.27
contig_2559	CONCOCT.8
contig_256	CONCOCT.13
contig_2560	CONCOCT.11
contig_2561	CONCOCT.12
contig_2562	CONCOCT.31
contig_2563	CONCOCT.1
contig_2564	CONCOCT.31
contig_2565	CONCOCT.15
contig_2566	CONCOCT.4
contig_2567	CONCOCT.15
contig_2568	CONCOCT.0
contig_2569	CONCOCT.33
contig_257	CONCOCT.4
contig_2570	CONCOCT.0
contig_2571	CONCOCT.4
contig_2572	CONCOCT.4
contig_2573	CONCOCT.11
contig_2574	CONCOCT.15
contig_2575	CONCOCT.11
contig_2576	CONCOCT.21
contig_2577	CONCOCT.1
contig_2578	CONCOCT.16
contig_2579	CONCOCT.8
contig_258	CONCOCT.11
contig_2580	CONCOCT.30
contig_2581	CONCOCT.11
contig_2582	CONCOCT.22
contig_2583	CONCOCT.27
contig_2584	CONCOCT.11
contig_2585	CONCOCT.8
contig_2586	CONCOCT.1
contig_2587	CONCOCT.30
contig_2588	CONCOCT.28
contig_2589	CONCOCT.10
contig_259	CONCOCT.2
contig_2590	CONCOCT.4
contig_2591	CONCOCT.13
contig_2592	CONCOCT.4
contig_2593	CONCOCT.28
contig_2594	CONCOCT.33
contig_2595	CONCOCT.31
contig_2596	CONCOCT.3
contig_2597	CONCOCT.0
contig_2598	CONCOCT.11
contig_2599	CONCOCT.28
contig_260	CONCOCT.13
contig_2600	CONCOCT.15
contig_2601	CONCOCT.28
contig_2602	CONCOCT.8
contig_2603	CONCOCT.0
contig_2604	CONCOCT.8
contig_2605	CONCOCT.12
contig_2606	CONCOCT.0
contig_2607	CONCOCT.31
contig_2608	CONCOCT.10
contig_2609	CONCOCT.8
contig_2610	CONCOCT.11
contig_2611	CONCOCT.1
contig_2612	CONCOCT.27
contig_2613	CONCOCT.19
contig_2614	CONCOCT.0
contig_2615	CONCOCT.19
contig_2616	CONCOCT.13
contig_2617	CONCOCT.31
contig_2618	CONCOCT.10
contig_2619	CONCOCT.25
contig_262	CONCOCT.11
contig_2620	CONCOCT.21
contig_2621	CONCOCT.19
contig_2623	CONCOCT.33
contig_2624	CONCOCT.30
contig_2625	CONCOCT.31
contig_2626	CONCOCT.3
contig_2627	CONCOCT.0
contig_2628	CONCOCT.13
contig_2629	CONCOCT.12
contig_2630	CONCOCT.27
contig_2631	CONCOCT.0
contig_2632	CONCOCT.0
contig_2633	CONCOCT.21
contig_2634	CONCOCT.0
contig_2635	CONCOCT.3
contig_2636	CONCOCT.10
contig_2637	CONCOCT.27
contig_2638	CONCOCT.19
contig_2639	CONCOCT.13
contig_2640	CONCOCT.12
contig_2641	CONCOCT.26
contig_2642	CONCOCT.11
contig_2643	CONCOCT.8
contig_2644	CONCOCT.19
contig_2645	CONCOCT.13
contig_2646	CONCOCT.11
contig_2647	CONCOCT.5
contig_2648	CONCOCT.13
contig_2649	CONCOCT.21
contig_265	CONCOCT.11
contig_2650	CONCOCT.12
contig_2651	CONCOCT.21
contig_2652	CONCOCT.4
contig_2653	CONCOCT.29
contig_2654	CONCOCT.3
contig_2655	CONCOCT.30
contig_2656	CONCOCT.12
contig_2657	CONCOCT.3
contig_2658	CONCOCT.21
contig_266	CONCOCT.11
contig_2660	CONCOCT.12
contig_2661	CONCOCT.30
contig_2662	CONCOCT.10
contig_2663	CONCOCT.2
contig_2664	CONCOCT.6
contig_2665	CONCOCT.19
contig_2666	CONCOCT.28
contig_2667	CONCOCT.13
contig_2669	CONCOCT.31
contig_267	CONCOCT.13
contig_2670	CONCOCT.10
contig_2671	CONCOCT.4
contig_2672	CONCOCT.10
contig_2673	CONCOCT.31
contig_2674	CONCOCT.8
contig_2675	CONCOCT.12
contig_2676	CONCOCT.1
contig_2677	CONCOCT.23
contig_2678	CONCOCT.0
contig_2679	CONCOCT.0
contig_268	CONCOCT.11
contig_2680	CONCOCT.19
contig_2681	CONCOCT.13
contig_2682	CONCOCT.1
contig_2683	CONCOCT.11
contig_2684	CONCOCT.6
contig_2685	CONCOCT.31
contig_2686	CONCOCT.13
contig_2687	CONCOCT.28
contig_2688	CONCOCT.13
contig_2689	CONCOCT.8
contig_269	CONCOCT.11
contig_2690	CONCOCT.1
contig_2691	CONCOCT.8
contig_2692	CONCOCT.29
contig_2693	CONCOCT.26
contig_2694	CONCOCT.11
contig_2695	CONCOCT.1
contig_2696	CONCOCT.11
contig_2697	CONCOCT.11
contig_270	CONCOCT.12
contig_2701	CONCOCT.8
contig_2702	CONCOCT.33
contig_2703	CONCOCT.11
contig_2704	CONCOCT.11
contig_2705	CONCOCT.31
contig_2706	CONCOCT.10
contig_2707	CONCOCT.1
contig_2708	CONCOCT.7
contig_2709	CONCOCT.10
contig_271	CONCOCT.31
contig_2710	CONCOCT.0
contig_2711	CONCOCT.10
contig_2712	CONCOCT.27
contig_2713	CONCOCT.28
contig_2714	CONCOCT.28
contig_2715	CONCOCT.13
contig_2716	CONCOCT.10
contig_2717	CONCOCT.8
contig_2718	CONCOCT.33
contig_2719	CONCOCT.4
contig_272	CONCOCT.3
contig_2720	CONCOCT.31
contig_2721	CONCOCT.31
contig_2722	CONCOCT.4
contig_2723	CONCOCT.11
contig_2724	CONCOCT.0
contig_2727	CONCOCT.1
contig_2728	CONCOCT.0
contig_2729	CONCOCT.15
contig_2730	CONCOCT.11
contig_2731	CONCOCT.1
contig_2732	CONCOCT.13
contig_2733	CONCOCT.0
contig_2735	CONCOCT.27
contig_2736	CONCOCT.31
contig_2737	CONCOCT.1
contig_2738	CONCOCT.22
contig_2739	CONCOCT.27
contig_274	CONCOCT.10
contig_2740	CONCOCT.13
contig_2741	CONCOCT.27
contig_2742	CONCOCT.11
contig_2743	CONCOCT.11
contig_2744	CONCOCT.12
contig_2745	CONCOCT.3
contig_2746	CONCOCT.25
contig_2747	CONCOCT.33
contig_2748	CONCOCT.10
contig_2749	CONCOCT.8
contig_275	CONCOCT.19
contig_2750	CONCOCT.13
contig_2751	CONCOCT.13
contig_2752	CONCOCT.8
contig_2753	CONCOCT.8
contig_2754	CONCOCT.1
contig_2755	CONCOCT.31
contig_2756	CONCOCT.33
contig_2757	CONCOCT.33
contig_2758	CONCOCT.12
contig_2759	CONCOCT.11
contig_2760	CONCOCT.13
contig_2762	CONCOCT.14
contig_2763	CONCOCT.31
contig_2764	CONCOCT.5
contig_2765	CONCOCT.11
contig_2766	CONCOCT.19
contig_2767	CONCOCT.13
contig_2768	CONCOCT.8
contig_2769	CONCOCT.11
contig_277	CONCOCT.19
contig_2770	CONCOCT.16
contig_2771	CONCOCT.10
contig_2772	CONCOCT.31
contig_2773	CONCOCT.8
contig_2775	CONCOCT.11
contig_2777	CONCOCT.15
contig_2778	CONCOCT.11
contig_2779	CONCOCT.0
contig_278	CONCOCT.26
contig_2780	CONCOCT.19
contig_2781	CONCOCT.3
contig_2782	CONCOCT.11
contig_2783	CONCOCT.6
contig_2784	CONCOCT.8
contig_2785	CONCOCT.4
contig_2786	CONCOCT.8
contig_2787	CONCOCT.31
contig_2788	CONCOCT.26
contig_2789	CONCOCT.28
contig_279	CONCOCT.11
contig_2790	CONCOCT.8
contig_2791	CONCOCT.8
contig_2792	CONCOCT.12
contig_2793	CONCOCT.13
contig_2794	CONCOCT.1
contig_2795	CONCOCT.0
contig_2796	CONCOCT.1
contig_2797	CONCOCT.1
contig_2798	CONCOCT.21
contig_2799	CONCOCT.0
contig_280	CONCOCT.11
contig_2800	CONCOCT.27
contig_2801	CONCOCT.4
contig_2802	CONCOCT.26
contig_2803	CONCOCT.3
contig_2804	CONCOCT.11
contig_2805	CONCOCT.3
contig_2806	CONCOCT.33
contig_2807	CONCOCT.3
contig_2808	CONCOCT.10
contig_2809	CONCOCT.12
contig_2810	CONCOCT.16
contig_2811	CONCOCT.0
contig_2812	CONCOCT.1
contig_2813	CONCOCT.15
contig_2814	CONCOCT.0
contig_2815	CONCOCT.21
contig_2816	CONCOCT.8
contig_2817	CONCOCT.3
contig_2818	CONCOCT.0
contig_2819	CONCOCT.26
contig_282	CONCOCT.26
contig_2820	CONCOCT.0
contig_2821	CONCOCT.8
contig_2822	CONCOCT.15
contig_2823	CONCOCT.12
contig_2824	CONCOCT.12
contig_2825	CONCOCT.12
contig_2826	CONCOCT.13
contig_2827	CONCOCT.11
contig_2828	CONCOCT.0
contig_283	CONCOCT.26
contig_2830	CONCOCT.28
contig_2831	CONCOCT.7
contig_2832	CONCOCT.27
contig_2833	CONCOCT.0
contig_2834	CONCOCT.13
contig_2835	CONCOCT.1
contig_2836	CONCOCT.16
contig_2837	CONCOCT.13
contig_2838	CONCOCT.26
contig_2839	CONCOCT.5
contig_284	CONCOCT.19
contig_2840	CONCOCT.10
contig_2841	CONCOCT.4
contig_2842	CONCOCT.27
contig_2843	CONCOCT.8
contig_2844	CONCOCT.4
contig_2845	CONCOCT.13
contig_2846	CONCOCT.26
contig_2847	CONCOCT.33
contig_2848	CONCOCT.23
contig_2849	CONCOCT.26
contig_285	CONCOCT.19
contig_2850	CONCOCT.10
contig_2851	CONCOCT.4
contig_2852	CONCOCT.0
contig_2853	CONCOCT.31
contig_2854	CONCOCT.8
contig_2856	CONCOCT.30
contig_2858	CONCOCT.11
contig_2859	CONCOCT.0
contig_2860	CONCOCT.13
contig_2861	CONCOCT.0
contig_2862	CONCOCT.21
contig_2863	CONCOCT.15
contig_2864	CONCOCT.21
contig_2865	CONCOCT.1
contig_2866	CONCOCT.10
contig_2867	CONCOCT.1
contig_2868	CONCOCT.8
contig_2869	CONCOCT.8
contig_287	CONCOCT.1
contig_2870	CONCOCT.15
contig_2871	CONCOCT.27
contig_2872	CONCOCT.33
contig_2873	CONCOCT.0
contig_2874	CONCOCT.0
contig_2875	CONCOCT.15
contig_2876	CONCOCT.26
contig_2877	CONCOCT.4
contig_2878	CONCOCT.13
contig_288	CONCOCT.31
contig_2880	CONCOCT.8
contig_2881	CONCOCT.0
contig_2882	CONCOCT.30
contig_2883	CONCOCT.10
contig_2885	CONCOCT.10
contig_2886	CONCOCT.29
contig_2887	CONCOCT.27
contig_2888	CONCOCT.15
contig_2889	CONCOCT.10
contig_2890	CONCOCT.3
contig_2893	CONCOCT.3
contig_2894	CONCOCT.19
contig_2895	CONCOCT.31
contig_2896	CONCOCT.0
contig_2897	CONCOCT.8
contig_2898	CONCOCT.19
contig_2899	CONCOCT.27
contig_290	CONCOCT.1
contig_2900	CONCOCT.31
contig_2901	CONCOCT.22
contig_2902	CONCOCT.0
contig_2903	CONCOCT.0
contig_2904	CONCOCT.10
contig_2905	CONCOCT.0
contig_2906	CONCOCT.10
contig_2907	CONCOCT.30
contig_2908	CONCOCT.28
contig_2909	CONCOCT.1
contig_291	CONCOCT.10
contig_2910	CONCOCT.8
contig_2911	CONCOCT.33
contig_2912	CONCOCT.25
contig_2913	CONCOCT.0
contig_2914	CONCOCT.11
contig_2915	CONCOCT.0
contig_2916	CONCOCT.11
contig_2917	CONCOCT.13
contig_2918	CONCOCT.11
contig_2919	CONCOCT.8
contig_292	CONCOCT.10
contig_2920	CONCOCT.31
contig_2921	CONCOCT.31
contig_2922	CONCOCT.1
contig_2923	CONCOCT.10
contig_2924	CONCOCT.21
contig_2925	CONCOCT.0
contig_2926	CONCOCT.8
contig_2927	CONCOCT.4
contig_293	CONCOCT.15
contig_2930	CONCOCT.22
contig_2931	CONCOCT.8
contig_2932	CONCOCT.0
contig_2933	CONCOCT.25
contig_2934	CONCOCT.0
contig_2935	CONCOCT.10
contig_2936	CONCOCT.11
contig_2937	CONCOCT.8
contig_2938	CONCOCT.10
contig_2939	CONCOCT.0
contig_294	CONCOCT.31
contig_2940	CONCOCT.1
contig_2941	CONCOCT.33
contig_2942	CONCOCT.0
contig_2943	CONCOCT.4
contig_2945	CONCOCT.7
contig_2946	CONCOCT.33
contig_2947	CONCOCT.14
contig_2948	CONCOCT.13
contig_2949	CONCOCT.0
contig_295	CONCOCT.11
contig_2950	CONCOCT.0
contig_2952	CONCOCT.4
contig_2953	CONCOCT.4
contig_2954	CONCOCT.27
contig_2955	CONCOCT.0
contig_2956	CONCOCT.11
contig_2957	CONCOCT.5
contig_2958	CONCOCT.8
contig_2959	CONCOCT.0
contig_296	CONCOCT.11
contig_2961	CONCOCT.13
contig_2963	CONCOCT.13
contig_2965	CONCOCT.11
contig_2966	CONCOCT.8
contig_2967	CONCOCT.3
contig_2968	CONCOCT.31
contig_297	CONCOCT.1
contig_2970	CONCOCT.0
contig_2971	CONCOCT.31
contig_2972	CONCOCT.30
contig_2973	CONCOCT.25
contig_2974	CONCOCT.11
contig_2975	CONCOCT.8
contig_2976	CONCOCT.11
contig_2977	CONCOCT.13
contig_2978	CONCOCT.10
contig_2979	CONCOCT.26
contig_298	CONCOCT.11
contig_2980	CONCOCT.1
contig_2981	CONCOCT.3
contig_2982	CONCOCT.2
contig_2984	CONCOCT.0
contig_2985	CONCOCT.0
contig_2986	CONCOCT.15
contig_2988	CONCOCT.8
contig_2989	CONCOCT.0
contig_299	CONCOCT.13
contig_2990	CONCOCT.13
contig_2991	CONCOCT.1
contig_2992	CONCOCT.22
contig_2993	CONCOCT.13
contig_2994	CONCOCT.25
contig_2995	CONCOCT.31
contig_2996	CONCOCT.27
contig_2997	CONCOCT.22
contig_2998	CONCOCT.8
contig_2999	CONCOCT.28
contig_3	CONCOCT.11
contig_300	CONCOCT.19
contig_3000	CONCOCT.8
contig_3001	CONCOCT.3
contig_3002	CONCOCT.31
contig_3003	CONCOCT.31
contig_3004	CONCOCT.8
contig_3005	CONCOCT.11
contig_3006	CONCOCT.3
contig_3007	CONCOCT.4
contig_3008	CONCOCT.29
contig_3009	CONCOCT.1
contig_3010	CONCOCT.11
contig_3011	CONCOCT.13
contig_3012	CONCOCT.13
contig_3013	CONCOCT.5
contig_3014	CONCOCT.27
contig_3015	CONCOCT.0
contig_3016	CONCOCT.31
contig_3017	CONCOCT.16
contig_3018	CONCOCT.11
contig_3019	CONCOCT.28
contig_302	CONCOCT.8
contig_3021	CONCOCT.4
contig_3022	CONCOCT.31
contig_3023	CONCOCT.19
contig_3024	CONCOCT.0
contig_3025	CONCOCT.1
contig_3026	CONCOCT.31
contig_3027	CONCOCT.11
contig_3028	CONCOCT.1
contig_3029	CONCOCT.4
contig_303	CONCOCT.8
contig_3030	CONCOCT.27
contig_3031	CONCOCT.27
contig_3032	CONCOCT.0
contig_3034	CONCOCT.13
contig_3035	CONCOCT.4
contig_3036	CONCOCT.13
contig_3037	CONCOCT.27
contig_3038	CONCOCT.8
contig_3039	CONCOCT.31
contig_304	CONCOCT.3
contig_3041	CONCOCT.33
contig_3042	CONCOCT.10
contig_3043	CONCOCT.13
contig_3044	CONCOCT.12
contig_3045	CONCOCT.4
contig_3046	CONCOCT.10
contig_3047	CONCOCT.25
contig_3048	CONCOCT.10
contig_3049	CONCOCT.3
contig_305	CONCOCT.4
contig_3050	CONCOCT.28
contig_3051	CONCOCT.15
contig_3052	CONCOCT.8
contig_3053	CONCOCT.15
contig_3054	CONCOCT.11
contig_3055	CONCOCT.4
contig_3056	CONCOCT.0
contig_3057	CONCOCT.21
contig_3058	CONCOCT.19
contig_3059	CONCOCT.13
contig_306	CONCOCT.25
contig_3060	CONCOCT.4
contig_3061	CONCOCT.26
contig_3063	CONCOCT.13
contig_3064	CONCOCT.4
contig_3065	CONCOCT.8
contig_3066	CONCOCT.0
contig_3067	CONCOCT.21
contig_3068	CONCOCT.31
contig_3069	CONCOCT.31
contig_307	CONCOCT.0
contig_3070	CONCOCT.0
contig_3071	CONCOCT.31
contig_3072	CONCOCT.21
contig_3073	CONCOCT.31
contig_3074	CONCOCT.11
contig_3076	CONCOCT.21
contig_3077	CONCOCT.25
contig_3078	CONCOCT.13
contig_3079	CONCOCT.13
contig_3080	CONCOCT.12
contig_3081	CONCOCT.31
contig_3082	CONCOCT.26
contig_3084	CONCOCT.1
contig_3085	CONCOCT.10
contig_3086	CONCOCT.27
contig_3088	CONCOCT.1
contig_3089	CONCOCT.1
contig_309	CONCOCT.11
contig_3091	CONCOCT.13
contig_3092	CONCOCT.10
contig_3093	CONCOCT.21
contig_3094	CONCOCT.8
contig_3095	CONCOCT.11
contig_3096	CONCOCT.31
contig_3097	CONCOCT.31
contig_3098	CONCOCT.4
contig_3099	CONCOCT.28
contig_310	CONCOCT.1
contig_3101	CONCOCT.28
contig_3102	CONCOCT.11
contig_3103	CONCOCT.0
contig_3104	CONCOCT.8
contig_3105	CONCOCT.11
contig_3106	CONCOCT.28
contig_3107	CONCOCT.12
contig_3108	CONCOCT.28
contig_3109	CONCOCT.28
contig_311	CONCOCT.5
contig_3110	CONCOCT.4
contig_3111	CONCOCT.13
contig_3112	CONCOCT.29
contig_3113	CONCOCT.21
contig_3114	CONCOCT.25
contig_3115	CONCOCT.25
contig_3116	CONCOCT.1
contig_3117	CONCOCT.8
contig_3118	CONCOCT.0
contig_3119	CONCOCT.1
contig_312	CONCOCT.5
contig_3121	CONCOCT.11
contig_3122	CONCOCT.28
contig_3123	CONCOCT.31
contig_3124	CONCOCT.15
contig_3125	CONCOCT.8
contig_3126	CONCOCT.12
contig_3127	CONCOCT.0
contig_3128	CONCOCT.13
contig_3129	CONCOCT.12
contig_313	CONCOCT.8
contig_3130	CONCOCT.13
contig_3131	CONCOCT.30
contig_3132	CONCOCT.10
contig_3133	CONCOCT.8
contig_3134	CONCOCT.12
contig_3135	CONCOCT.0
contig_3136	CONCOCT.29
contig_3137	CONCOCT.3
contig_3138	CONCOCT.6
contig_314	CONCOCT.11
contig_3140	CONCOCT.10
contig_3141	CONCOCT.8
contig_3142	CONCOCT.27
contig_3143	CONCOCT.26
contig_3144	CONCOCT.1
contig_3145	CONCOCT.4
contig_3146	CONCOCT.22
contig_3148	CONCOCT.0
contig_3149	CONCOCT.31
contig_315	CONCOCT.19
contig_3150	CONCOCT.11
contig_3151	CONCOCT.7
contig_3152	CONCOCT.11
contig_3153	CONCOCT.13
contig_3155	CONCOCT.12
contig_3156	CONCOCT.22
contig_3158	CONCOCT.11
contig_3159	CONCOCT.8
contig_316	CONCOCT.3
contig_3160	CONCOCT.13
contig_3161	CONCOCT.1
contig_3162	CONCOCT.10
contig_3163	CONCOCT.31
contig_3164	CONCOCT.13
contig_3165	CONCOCT.15
contig_3166	CONCOCT.0
contig_3167	CONCOCT.25
contig_3168	CONCOCT.3
contig_3169	CONCOCT.13
contig_317	CONCOCT.27
contig_3170	CONCOCT.13
contig_3171	CONCOCT.3
contig_3172	CONCOCT.1
contig_3173	CONCOCT.22
contig_3174	CONCOCT.27
contig_3175	CONCOCT.33
contig_3176	CONCOCT.0
contig_3178	CONCOCT.11
contig_3179	CONCOCT.1
contig_318	CONCOCT.11
contig_3181	CONCOCT.14
contig_3182	CONCOCT.4
contig_3183	CONCOCT.2
contig_3184	CONCOCT.31
contig_3185	CONCOCT.22
contig_3187	CONCOCT.10
contig_3188	CONCOCT.8
contig_3189	CONCOCT.31
contig_319	CONCOCT.31
contig_3190	CONCOCT.30
contig_3191	CONCOCT.26
contig_3192	CONCOCT.31
contig_3193	CONCOCT.8
contig_3194	CONCOCT.10
contig_3195	CONCOCT.0
contig_3196	CONCOCT.0
contig_3197	CONCOCT.14
contig_3198	CONCOCT.1
contig_3199	CONCOCT.31
contig_320	CONCOCT.26
contig_3200	CONCOCT.22
contig_3201	CONCOCT.22
contig_3203	CONCOCT.33
contig_3204	CONCOCT.13
contig_3205	CONCOCT.3
contig_3206	CONCOCT.33
contig_3207	CONCOCT.12
contig_3209	CONCOCT.8
contig_321	CONCOCT.26
contig_3210	CONCOCT.8
contig_3211	CONCOCT.25
contig_3212	CONCOCT.8
contig_3213	CONCOCT.22
contig_3214	CONCOCT.10
contig_3215	CONCOCT.31
contig_3216	CONCOCT.8
contig_3217	CONCOCT.13
contig_3218	CONCOCT.5
contig_3219	CONCOCT.10
contig_322	CONCOCT.26
contig_3220	CONCOCT.28
contig_3221	CONCOCT.15
contig_3222	CONCOCT.13
contig_3223	CONCOCT.0
contig_3224	CONCOCT.12
contig_3225	CONCOCT.8
contig_3226	CONCOCT.31
contig_3227	CONCOCT.4
contig_3228	CONCOCT.0
contig_3229	CONCOCT.22
contig_323	CONCOCT.5
contig_3230	CONCOCT.10
contig_3231	CONCOCT.26
contig_3232	CONCOCT.28
contig_3233	CONCOCT.11
contig_3234	CONCOCT.4
contig_3235	CONCOCT.12
contig_3236	CONCOCT.25
contig_3237	CONCOCT.8
contig_3238	CONCOCT.31
contig_3239	CONCOCT.12
contig_324	CONCOCT.13
contig_3240	CONCOCT.33
contig_3241	CONCOCT.21
contig_3242	CONCOCT.13
contig_3243	CONCOCT.12
contig_3245	CONCOCT.31
contig_3246	CONCOCT.21
contig_3247	CONCOCT.31
contig_3248	CONCOCT.8
contig_3249	CONCOCT.26
contig_325	CONCOCT.0
contig_3250	CONCOCT.11
contig_3251	CONCOCT.13
contig_3252	CONCOCT.8
contig_3253	CONCOCT.10
contig_3254	CONCOCT.2
contig_3255	CONCOCT.33
contig_3256	CONCOCT.13
contig_3257	CONCOCT.13
contig_3258	CONCOCT.0
contig_3259	CONCOCT.8
contig_326	CONCOCT.33
contig_3260	CONCOCT.8
contig_3261	CONCOCT.11
contig_3262	CONCOCT.31
contig_3263	CONCOCT.12
contig_3264	CONCOCT.7
contig_3265	CONCOCT.15
contig_3266	CONCOCT.3
contig_3267	CONCOCT.31
contig_3268	CONCOCT.26
contig_3269	CONCOCT.4
contig_327	CONCOCT.13
contig_3270	CONCOCT.25
contig_3271	CONCOCT.11
contig_3272	CONCOCT.21
contig_3273	CONCOCT.4
contig_3274	CONCOCT.12
contig_3275	CONCOCT.13
contig_3276	CONCOCT.10
contig_3277	CONCOCT.31
contig_3278	CONCOCT.15
contig_3279	CONCOCT.15
contig_328	CONCOCT.11
contig_3280	CONCOCT.8
contig_3281	CONCOCT.11
contig_3282	CONCOCT.13
contig_3283	CONCOCT.11
contig_3284	CONCOCT.11
contig_3285	CONCOCT.21
contig_3286	CONCOCT.15
contig_3287	CONCOCT.0
contig_3288	CONCOCT.10
contig_3289	CONCOCT.4
contig_329	CONCOCT.11
contig_3290	CONCOCT.28
contig_3291	CONCOCT.12
contig_3292	CONCOCT.31
contig_3293	CONCOCT.28
contig_3294	CONCOCT.6
contig_3295	CONCOCT.0
contig_3296	CONCOCT.3
contig_3297	CONCOCT.27
contig_3298	CONCOCT.3
contig_3299	CONCOCT.22
contig_330	CONCOCT.13
contig_3300	CONCOCT.25
contig_3301	CONCOCT.22
contig_3303	CONCOCT.0
contig_3304	CONCOCT.0
contig_3305	CONCOCT.3
contig_3306	CONCOCT.8
contig_3307	CONCOCT.0
contig_3308	CONCOCT.31
contig_3309	CONCOCT.0
contig_3310	CONCOCT.0
contig_3311	CONCOCT.10
contig_3312	CONCOCT.3
contig_3313	CONCOCT.12
contig_3314	CONCOCT.6
contig_3316	CONCOCT.27
contig_3317	CONCOCT.30
contig_3318	CONCOCT.0
contig_332	CONCOCT.11
contig_3320	CONCOCT.4
contig_3321	CONCOCT.14
contig_3322	CONCOCT.0
contig_3323	CONCOCT.14
contig_3324	CONCOCT.0
contig_3325	CONCOCT.7
contig_3326	CONCOCT.12
contig_3327	CONCOCT.12
contig_3329	CONCOCT.1
contig_333	CONCOCT.0
contig_3330	CONCOCT.1
contig_3331	CONCOCT.13
contig_3332	CONCOCT.19
contig_3333	CONCOCT.0
contig_3334	CONCOCT.7
contig_3335	CONCOCT.1
contig_3336	CONCOCT.1
contig_3337	CONCOCT.31
contig_3338	CONCOCT.19
contig_3339	CONCOCT.26
contig_334	CONCOCT.12
contig_3340	CONCOCT.8
contig_3341	CONCOCT.13
contig_3342	CONCOCT.13
contig_3344	CONCOCT.15
contig_3345	CONCOCT.30
contig_3346	CONCOCT.13
contig_3347	CONCOCT.13
contig_3348	CONCOCT.30
contig_3349	CONCOCT.11
contig_335	CONCOCT.12
contig_3350	CONCOCT.13
contig_3351	CONCOCT.11
contig_3352	CONCOCT.11
contig_3353	CONCOCT.11
contig_3355	CONCOCT.11
contig_3356	CONCOCT.11
contig_3357	CONCOCT.28
contig_3358	CONCOCT.0
contig_336	CONCOCT.8
contig_3360	CONCOCT.11
contig_3361	CONCOCT.5
contig_3362	CONCOCT.10
contig_3363	CONCOCT.19
contig_3364	CONCOCT.8
contig_3365	CONCOCT.19
contig_3366	CONCOCT.19
contig_3367	CONCOCT.13
contig_3368	CONCOCT.13
contig_3369	CONCOCT.8
contig_337	CONCOCT.15
contig_3370	CONCOCT.25
contig_3371	CONCOCT.11
contig_3372	CONCOCT.4
contig_3373	CONCOCT.11
contig_3374	CONCOCT.8
contig_3375	CONCOCT.25
contig_3376	CONCOCT.11
contig_3377	CONCOCT.11
contig_3379	CONCOCT.1
contig_338	CONCOCT.1
contig_3380	CONCOCT.15
contig_3381	CONCOCT.31
contig_3382	CONCOCT.19
contig_3383	CONCOCT.11
contig_3384	CONCOCT.11
contig_3385	CONCOCT.8
contig_3386	CONCOCT.10
contig_3387	CONCOCT.19
contig_339	CONCOCT.15
contig_3391	CONCOCT.8
contig_3392	CONCOCT.11
contig_3393	CONCOCT.11
contig_3394	CONCOCT.11
contig_3395	CONCOCT.28
contig_3396	CONCOCT.11
contig_3399	CONCOCT.11
contig_340	CONCOCT.26
contig_3400	CONCOCT.14
contig_3401	CONCOCT.23
contig_3402	CONCOCT.30
contig_3403	CONCOCT.0
contig_3404	CONCOCT.10
contig_3405	CONCOCT.27
contig_3406	CONCOCT.30
contig_3407	CONCOCT.10
contig_3408	CONCOCT.8
contig_3409	CONCOCT.12
contig_341	CONCOCT.4
contig_3410	CONCOCT.8
contig_3411	CONCOCT.11
contig_3412	CONCOCT.28
contig_3413	CONCOCT.11
contig_3414	CONCOCT.13
contig_3415	CONCOCT.13
contig_3416	CONCOCT.13
contig_3417	CONCOCT.1
contig_3418	CONCOCT.11
contig_3419	CONCOCT.11
contig_342	CONCOCT.31
contig_3420	CONCOCT.21
contig_3421	CONCOCT.19
contig_3422	CONCOCT.8
contig_3423	CONCOCT.26
contig_3424	CONCOCT.11
contig_3425	CONCOCT.13
contig_3426	CONCOCT.31
contig_3427	CONCOCT.1
contig_3428	CONCOCT.1
contig_3429	CONCOCT.4
contig_343	CONCOCT.13
contig_3430	CONCOCT.1
contig_3431	CONCOCT.4
contig_3432	CONCOCT.10
contig_3433	CONCOCT.10
contig_3434	CONCOCT.11
contig_3435	CONCOCT.11
contig_3437	CONCOCT.8
contig_3439	CONCOCT.8
contig_344	CONCOCT.5
contig_3440	CONCOCT.5
contig_3441	CONCOCT.11
contig_3442	CONCOCT.10
contig_3444	CONCOCT.11
contig_3445	CONCOCT.13
contig_3447	CONCOCT.19
contig_3448	CONCOCT.11
contig_3449	CONCOCT.11
contig_345	CONCOCT.11
contig_3451	CONCOCT.14
contig_3452	CONCOCT.1
contig_3453	CONCOCT.8
contig_3454	CONCOCT.13
contig_3455	CONCOCT.11
contig_3456	CONCOCT.1
contig_3457	CONCOCT.13
contig_3458	CONCOCT.4
contig_3459	CONCOCT.31
contig_346	CONCOCT.11
contig_3460	CONCOCT.11
contig_3461	CONCOCT.11
contig_3462	CONCOCT.15
contig_3463	CONCOCT.10
contig_3464	CONCOCT.10
contig_3465	CONCOCT.26
contig_3466	CONCOCT.8
contig_3467	CONCOCT.31
contig_3468	CONCOCT.11
contig_347	CONCOCT.31
contig_3470	CONCOCT.8
contig_3472	CONCOCT.11
contig_3473	CONCOCT.8
contig_3474	CONCOCT.13
contig_3475	CONCOCT.19
contig_3477	CONCOCT.19
contig_3478	CONCOCT.4
contig_3479	CONCOCT.11
contig_348	CONCOCT.3
contig_3480	CONCOCT.11
contig_3481	CONCOCT.10
contig_3482	CONCOCT.5
contig_3483	CONCOCT.13
contig_3484	CONCOCT.8
contig_3486	CONCOCT.8
contig_3487	CONCOCT.1
contig_3488	CONCOCT.26
contig_3489	CONCOCT.10
contig_349	CONCOCT.22
contig_3490	CONCOCT.13
contig_3491	CONCOCT.31
contig_3492	CONCOCT.11
contig_3493	CONCOCT.28
contig_3495	CONCOCT.4
contig_3496	CONCOCT.5
contig_3498	CONCOCT.11
contig_3499	CONCOCT.13
contig_350	CONCOCT.25
contig_3500	CONCOCT.10
contig_3501	CONCOCT.10
contig_3502	CONCOCT.19
contig_3503	CONCOCT.10
contig_3504	CONCOCT.11
contig_3505	CONCOCT.8
contig_3507	CONCOCT.15
contig_3508	CONCOCT.10
contig_3509	CONCOCT.11
contig_351	CONCOCT.27
contig_3510	CONCOCT.11
contig_3511	CONCOCT.5
contig_3512	CONCOCT.11
contig_3513	CONCOCT.5
contig_3514	CONCOCT.11
contig_3515	CONCOCT.8
contig_3517	CONCOCT.28
contig_3518	CONCOCT.15
contig_352	CONCOCT.8
contig_3520	CONCOCT.5
contig_3521	CONCOCT.10
contig_3523	CONCOCT.31
contig_353	CONCOCT.13
contig_354	CONCOCT.29
contig_355	CONCOCT.13
contig_356	CONCOCT.8
contig_357	CONCOCT.0
contig_358	CONCOCT.8
contig_359	CONCOCT.0
contig_360	CONCOCT.27
contig_361	CONCOCT.11
contig_362	CONCOCT.27
contig_363	CONCOCT.31
contig_364	CONCOCT.21
contig_365	CONCOCT.26
contig_366	CONCOCT.13
contig_367	CONCOCT.8
contig_368	CONCOCT.11
contig_372	CONCOCT.0
contig_375	CONCOCT.7
contig_376	CONCOCT.7
contig_377	CONCOCT.1
contig_379	CONCOCT.1
contig_380	CONCOCT.15
contig_381	CONCOCT.1
contig_382	CONCOCT.5
contig_383	CONCOCT.12
contig_384	CONCOCT.26
contig_385	CONCOCT.21
contig_386	CONCOCT.4
contig_387	CONCOCT.13
contig_388	CONCOCT.13
contig_389	CONCOCT.5
contig_390	CONCOCT.10
contig_391	CONCOCT.1
contig_393	CONCOCT.4
contig_394	CONCOCT.25
contig_395	CONCOCT.28
contig_396	CONCOCT.30
contig_397	CONCOCT.26
contig_399	CONCOCT.26
contig_4	CONCOCT.5
contig_400	CONCOCT.0
contig_402	CONCOCT.11
contig_403	CONCOCT.27
contig_404	CONCOCT.8
contig_405	CONCOCT.7
contig_406	CONCOCT.33
contig_407	CONCOCT.27
contig_408	CONCOCT.29
contig_409	CONCOCT.31
contig_410	CONCOCT.8
contig_411	CONCOCT.13
contig_412	CONCOCT.22
contig_413	CONCOCT.1
contig_414	CONCOCT.11
contig_415	CONCOCT.13
contig_419	CONCOCT.11
contig_420	CONCOCT.25
contig_421	CONCOCT.5
contig_422	CONCOCT.33
contig_423	CONCOCT.21
contig_424	CONCOCT.10
contig_425	CONCOCT.5
contig_426	CONCOCT.13
contig_427	CONCOCT.30
contig_429	CONCOCT.13
contig_430	CONCOCT.13
contig_431	CONCOCT.4
contig_432	CONCOCT.12
contig_433	CONCOCT.31
contig_434	CONCOCT.31
contig_435	CONCOCT.13
contig_436	CONCOCT.25
contig_438	CONCOCT.11
contig_439	CONCOCT.11
contig_44	CONCOCT.6
contig_440	CONCOCT.31
contig_442	CONCOCT.19
contig_443	CONCOCT.0
contig_444	CONCOCT.31
contig_445	CONCOCT.27
contig_446	CONCOCT.11
contig_447	CONCOCT.11
contig_448	CONCOCT.13
contig_449	CONCOCT.8
contig_450	CONCOCT.11
contig_451	CONCOCT.13
contig_452	CONCOCT.4
contig_453	CONCOCT.19
contig_454	CONCOCT.11
contig_455	CONCOCT.11
contig_456	CONCOCT.12
contig_457	CONCOCT.22
contig_459	CONCOCT.25
contig_460	CONCOCT.12
contig_461	CONCOCT.12
contig_462	CONCOCT.0
contig_463	CONCOCT.11
contig_464	CONCOCT.0
contig_465	CONCOCT.31
contig_466	CONCOCT.4
contig_467	CONCOCT.1
contig_468	CONCOCT.13
contig_470	CONCOCT.1
contig_471	CONCOCT.22
contig_472	CONCOCT.30
contig_473	CONCOCT.11
contig_475	CONCOCT.11
contig_476	CONCOCT.7
contig_477	CONCOCT.13
contig_478	CONCOCT.8
contig_481	CONCOCT.1
contig_482	CONCOCT.29
contig_483	CONCOCT.27
contig_484	CONCOCT.11
contig_485	CONCOCT.28
contig_486	CONCOCT.10
contig_487	CONCOCT.15
contig_488	CONCOCT.29
contig_489	CONCOCT.27
contig_491	CONCOCT.27
contig_492	CONCOCT.10
contig_493	CONCOCT.1
contig_494	CONCOCT.0
contig_495	CONCOCT.0
contig_496	CONCOCT.6
contig_497	CONCOCT.0
contig_498	CONCOCT.1
contig_499	CONCOCT.4
contig_5	CONCOCT.5
contig_500	CONCOCT.4
contig_501	CONCOCT.22
contig_502	CONCOCT.12
contig_503	CONCOCT.11
contig_507	CONCOCT.8
contig_508	CONCOCT.10
contig_509	CONCOCT.21
contig_510	CONCOCT.11
contig_511	CONCOCT.1
contig_512	CONCOCT.18
contig_513	CONCOCT.18
contig_514	CONCOCT.18
contig_515	CONCOCT.0
contig_516	CONCOCT.22
contig_517	CONCOCT.0
contig_518	CONCOCT.4
contig_519	CONCOCT.11
contig_520	CONCOCT.19
contig_522	CONCOCT.13
contig_523	CONCOCT.8
contig_525	CONCOCT.11
contig_526	CONCOCT.8
contig_527	CONCOCT.29
contig_529	CONCOCT.1
contig_53	CONCOCT.4
contig_530	CONCOCT.1
contig_531	CONCOCT.1
contig_532	CONCOCT.11
contig_533	CONCOCT.11
contig_536	CONCOCT.8
contig_537	CONCOCT.8
contig_538	CONCOCT.13
contig_539	CONCOCT.11
contig_54	CONCOCT.19
contig_540	CONCOCT.12
contig_541	CONCOCT.15
contig_542	CONCOCT.0
contig_543	CONCOCT.0
contig_544	CONCOCT.31
contig_545	CONCOCT.0
contig_546	CONCOCT.1
contig_548	CONCOCT.8
contig_549	CONCOCT.21
contig_55	CONCOCT.28
contig_550	CONCOCT.10
contig_551	CONCOCT.29
contig_552	CONCOCT.22
contig_553	CONCOCT.21
contig_554	CONCOCT.8
contig_555	CONCOCT.23
contig_556	CONCOCT.11
contig_557	CONCOCT.13
contig_558	CONCOCT.13
contig_559	CONCOCT.1
contig_56	CONCOCT.1
contig_560	CONCOCT.13
contig_561	CONCOCT.8
contig_562	CONCOCT.15
contig_563	CONCOCT.11
contig_567	CONCOCT.13
contig_568	CONCOCT.23
contig_569	CONCOCT.11
contig_57	CONCOCT.31
contig_570	CONCOCT.11
contig_571	CONCOCT.14
contig_572	CONCOCT.0
contig_574	CONCOCT.4
contig_576	CONCOCT.0
contig_577	CONCOCT.13
contig_578	CONCOCT.11
contig_58	CONCOCT.11
contig_581	CONCOCT.11
contig_582	CONCOCT.22
contig_583	CONCOCT.33
contig_584	CONCOCT.11
contig_585	CONCOCT.21
contig_586	CONCOCT.25
contig_587	CONCOCT.11
contig_588	CONCOCT.11
contig_589	CONCOCT.26
contig_590	CONCOCT.0
contig_591	CONCOCT.13
contig_592	CONCOCT.8
contig_593	CONCOCT.1
contig_595	CONCOCT.11
contig_597	CONCOCT.21
contig_598	CONCOCT.31
contig_6	CONCOCT.11
contig_60	CONCOCT.0
contig_600	CONCOCT.0
contig_603	CONCOCT.19
contig_604	CONCOCT.0
contig_605	CONCOCT.11
contig_606	CONCOCT.31
contig_607	CONCOCT.31
contig_609	CONCOCT.28
contig_61	CONCOCT.0
contig_610	CONCOCT.3
contig_611	CONCOCT.11
contig_613	CONCOCT.12
contig_616	CONCOCT.11
contig_617	CONCOCT.11
contig_618	CONCOCT.11
contig_619	CONCOCT.11
contig_62	CONCOCT.11
contig_620	CONCOCT.8
contig_621	CONCOCT.3
contig_622	CONCOCT.31
contig_623	CONCOCT.13
contig_624	CONCOCT.30
contig_625	CONCOCT.7
contig_626	CONCOCT.4
contig_628	CONCOCT.12
contig_629	CONCOCT.10
contig_630	CONCOCT.8
contig_631	CONCOCT.1
contig_632	CONCOCT.12
contig_633	CONCOCT.26
contig_634	CONCOCT.6
contig_635	CONCOCT.1
contig_636	CONCOCT.1
contig_637	CONCOCT.1
contig_638	CONCOCT.0
contig_639	CONCOCT.8
contig_64	CONCOCT.28
contig_640	CONCOCT.29
contig_641	CONCOCT.4
contig_644	CONCOCT.8
contig_645	CONCOCT.11
contig_646	CONCOCT.13
contig_647	CONCOCT.11
contig_648	CONCOCT.13
contig_649	CONCOCT.4
contig_65	CONCOCT.5
contig_650	CONCOCT.0
contig_651	CONCOCT.26
contig_652	CONCOCT.11
contig_654	CONCOCT.11
contig_655	CONCOCT.11
contig_656	CONCOCT.12
contig_657	CONCOCT.5
contig_658	CONCOCT.0
contig_659	CONCOCT.11
contig_66	CONCOCT.4
contig_662	CONCOCT.15
contig_663	CONCOCT.1
contig_664	CONCOCT.21
contig_665	CONCOCT.0
contig_666	CONCOCT.8
contig_667	CONCOCT.10
contig_668	CONCOCT.13
contig_669	CONCOCT.30
contig_670	CONCOCT.11
contig_671	CONCOCT.22
contig_672	CONCOCT.10
contig_673	CONCOCT.33
contig_674	CONCOCT.13
contig_675	CONCOCT.13
contig_676	CONCOCT.31
contig_677	CONCOCT.1
contig_678	CONCOCT.0
contig_679	CONCOCT.12
contig_68	CONCOCT.10
contig_680	CONCOCT.13
contig_681	CONCOCT.33
contig_683	CONCOCT.11
contig_684	CONCOCT.11
contig_685	CONCOCT.0
contig_686	CONCOCT.4
contig_687	CONCOCT.25
contig_689	CONCOCT.29
contig_690	CONCOCT.10
contig_691	CONCOCT.5
contig_694	CONCOCT.4
contig_695	CONCOCT.26
contig_696	CONCOCT.30
contig_697	CONCOCT.3
contig_698	CONCOCT.13
contig_7	CONCOCT.11
contig_70	CONCOCT.11
contig_700	CONCOCT.0
contig_701	CONCOCT.1
contig_702	CONCOCT.1
contig_703	CONCOCT.3
contig_704	CONCOCT.28
contig_705	CONCOCT.8
contig_706	CONCOCT.28
contig_708	CONCOCT.22
contig_709	CONCOCT.4
contig_710	CONCOCT.28
contig_711	CONCOCT.8
contig_712	CONCOCT.26
contig_713	CONCOCT.4
contig_714	CONCOCT.33
contig_715	CONCOCT.13
contig_716	CONCOCT.13
contig_717	CONCOCT.28
contig_718	CONCOCT.13
contig_719	CONCOCT.5
contig_72	CONCOCT.11
contig_720	CONCOCT.4
contig_721	CONCOCT.0
contig_722	CONCOCT.11
contig_723	CONCOCT.22
contig_724	CONCOCT.0
contig_725	CONCOCT.0
contig_726	CONCOCT.12
contig_727	CONCOCT.4
contig_729	CONCOCT.30
contig_73	CONCOCT.0
contig_730	CONCOCT.33
contig_731	CONCOCT.8
contig_732	CONCOCT.12
contig_733	CONCOCT.19
contig_734	CONCOCT.5
contig_735	CONCOCT.0
contig_736	CONCOCT.12
contig_737	CONCOCT.4
contig_738	CONCOCT.0
contig_74	CONCOCT.10
contig_740	CONCOCT.4
contig_741	CONCOCT.30
contig_742	CONCOCT.16
contig_743	CONCOCT.11
contig_744	CONCOCT.11
contig_745	CONCOCT.11
contig_746	CONCOCT.11
contig_747	CONCOCT.26
contig_748	CONCOCT.21
contig_75	CONCOCT.10
contig_750	CONCOCT.15
contig_751	CONCOCT.27
contig_752	CONCOCT.8
contig_753	CONCOCT.11
contig_754	CONCOCT.0
contig_755	CONCOCT.19
contig_756	CONCOCT.8
contig_757	CONCOCT.8
contig_759	CONCOCT.31
contig_76	CONCOCT.19
contig_760	CONCOCT.25
contig_761	CONCOCT.31
contig_762	CONCOCT.4
contig_763	CONCOCT.7
contig_764	CONCOCT.26
contig_765	CONCOCT.11
contig_766	CONCOCT.22
contig_767	CONCOCT.4
contig_768	CONCOCT.11
contig_769	CONCOCT.10
contig_770	CONCOCT.8
contig_771	CONCOCT.12
contig_772	CONCOCT.13
contig_773	CONCOCT.4
contig_774	CONCOCT.0
contig_775	CONCOCT.11
contig_776	CONCOCT.1
contig_777	CONCOCT.8
contig_778	CONCOCT.8
contig_78	CONCOCT.19
contig_780	CONCOCT.27
contig_781	CONCOCT.11
contig_782	CONCOCT.11
contig_783	CONCOCT.30
contig_784	CONCOCT.26
contig_786	CONCOCT.33
contig_787	CONCOCT.11
contig_788	CONCOCT.11
contig_789	CONCOCT.8
contig_79	CONCOCT.19
contig_790	CONCOCT.28
contig_791	CONCOCT.28
contig_792	CONCOCT.8
contig_793	CONCOCT.4
contig_794	CONCOCT.3
contig_795	CONCOCT.6
contig_796	CONCOCT.26
contig_797	CONCOCT.26
contig_798	CONCOCT.30
contig_799	CONCOCT.26
contig_800	CONCOCT.26
contig_801	CONCOCT.11
contig_802	CONCOCT.13
contig_803	CONCOCT.13
contig_804	CONCOCT.13
contig_805	CONCOCT.11
contig_806	CONCOCT.10
contig_807	CONCOCT.19
contig_808	CONCOCT.11
contig_809	CONCOCT.31
contig_81	CONCOCT.18
contig_810	CONCOCT.15
contig_811	CONCOCT.15
contig_812	CONCOCT.0
contig_813	CONCOCT.13
contig_814	CONCOCT.0
contig_815	CONCOCT.0
contig_817	CONCOCT.30
contig_818	CONCOCT.0
contig_819	CONCOCT.19
contig_82	CONCOCT.5
contig_820	CONCOCT.33
contig_821	CONCOCT.27
contig_822	CONCOCT.13
contig_823	CONCOCT.25
contig_824	CONCOCT.29
contig_825	CONCOCT.1
contig_826	CONCOCT.8
contig_827	CONCOCT.31
contig_828	CONCOCT.8
contig_829	CONCOCT.26
contig_83	CONCOCT.14
contig_830	CONCOCT.1
contig_831	CONCOCT.27
contig_832	CONCOCT.5
contig_833	CONCOCT.13
contig_834	CONCOCT.13
contig_835	CONCOCT.21
contig_836	CONCOCT.26
contig_837	CONCOCT.26
contig_838	CONCOCT.11
contig_839	CONCOCT.22
contig_842	CONCOCT.33
contig_843	CONCOCT.0
contig_844	CONCOCT.1
contig_845	CONCOCT.10
contig_846	CONCOCT.19
contig_849	CONCOCT.0
contig_85	CONCOCT.13
contig_850	CONCOCT.8
contig_851	CONCOCT.33
contig_852	CONCOCT.1
contig_853	CONCOCT.31
contig_854	CONCOCT.31
contig_855	CONCOCT.4
contig_856	CONCOCT.22
contig_857	CONCOCT.31
contig_858	CONCOCT.0
contig_859	CONCOCT.12
contig_86	CONCOCT.11
contig_860	CONCOCT.22
contig_861	CONCOCT.4
contig_862	CONCOCT.12
contig_863	CONCOCT.10
contig_865	CONCOCT.8
contig_866	CONCOCT.7
contig_867	CONCOCT.10
contig_868	CONCOCT.21
contig_869	CONCOCT.27
contig_87	CONCOCT.19
contig_870	CONCOCT.29
contig_872	CONCOCT.7
contig_874	CONCOCT.15
contig_875	CONCOCT.0
contig_876	CONCOCT.8
contig_878	CONCOCT.8
contig_879	CONCOCT.33
contig_88	CONCOCT.1
contig_880	CONCOCT.0
contig_882	CONCOCT.31
contig_883	CONCOCT.11
contig_884	CONCOCT.8
contig_885	CONCOCT.0
contig_886	CONCOCT.12
contig_887	CONCOCT.21
contig_888	CONCOCT.30
contig_889	CONCOCT.15
contig_890	CONCOCT.28
contig_892	CONCOCT.8
contig_893	CONCOCT.33
contig_894	CONCOCT.4
contig_895	CONCOCT.0
contig_896	CONCOCT.21
contig_897	CONCOCT.8
contig_898	CONCOCT.1
contig_899	CONCOCT.33
contig_9	CONCOCT.13
contig_900	CONCOCT.8
contig_901	CONCOCT.4
contig_902	CONCOCT.19
contig_903	CONCOCT.1
contig_904	CONCOCT.33
contig_905	CONCOCT.28
contig_906	CONCOCT.26
contig_907	CONCOCT.8
contig_908	CONCOCT.13
contig_909	CONCOCT.29
contig_91	CONCOCT.31
contig_910	CONCOCT.33
contig_911	CONCOCT.29
contig_912	CONCOCT.10
contig_913	CONCOCT.13
contig_914	CONCOCT.31
contig_915	CONCOCT.12
contig_916	CONCOCT.29
contig_917	CONCOCT.25
contig_918	CONCOCT.11
contig_919	CONCOCT.10
contig_92	CONCOCT.13
contig_920	CONCOCT.13
contig_921	CONCOCT.4
contig_922	CONCOCT.13
contig_924	CONCOCT.0
contig_925	CONCOCT.3
contig_926	CONCOCT.33
contig_927	CONCOCT.0
contig_928	CONCOCT.0
contig_929	CONCOCT.1
contig_93	CONCOCT.13
contig_930	CONCOCT.31
contig_931	CONCOCT.12
contig_932	CONCOCT.10
contig_933	CONCOCT.13
contig_934	CONCOCT.13
contig_935	CONCOCT.13
contig_936	CONCOCT.11
contig_937	CONCOCT.0
contig_938	CONCOCT.12
contig_939	CONCOCT.31
contig_94	CONCOCT.10
contig_940	CONCOCT.21
contig_941	CONCOCT.13
contig_942	CONCOCT.13
contig_943	CONCOCT.10
contig_944	CONCOCT.7
contig_945	CONCOCT.12
contig_946	CONCOCT.4
contig_947	CONCOCT.1
contig_948	CONCOCT.0
contig_949	CONCOCT.11
contig_950	CONCOCT.23
contig_951	CONCOCT.33
contig_952	CONCOCT.22
contig_953	CONCOCT.15
contig_955	CONCOCT.26
contig_956	CONCOCT.10
contig_957	CONCOCT.13
contig_958	CONCOCT.33
contig_959	CONCOCT.11
contig_96	CONCOCT.12
contig_960	CONCOCT.0
contig_961	CONCOCT.26
contig_962	CONCOCT.11
contig_963	CONCOCT.0
contig_964	CONCOCT.19
contig_965	CONCOCT.19
contig_966	CONCOCT.10
contig_967	CONCOCT.30
contig_968	CONCOCT.26
contig_969	CONCOCT.0
contig_970	CONCOCT.21
contig_971	CONCOCT.4
contig_972	CONCOCT.0
contig_973	CONCOCT.11
contig_974	CONCOCT.29
contig_976	CONCOCT.11
contig_977	CONCOCT.10
contig_978	CONCOCT.0
contig_979	CONCOCT.10
contig_98	CONCOCT.3
contig_980	CONCOCT.6
contig_981	CONCOCT.10
contig_982	CONCOCT.26
contig_983	CONCOCT.10
contig_984	CONCOCT.29
contig_985	CONCOCT.13
contig_986	CONCOCT.11
contig_987	CONCOCT.26
contig_988	CONCOCT.1
contig_989	CONCOCT.31
contig_99	CONCOCT.13
contig_990	CONCOCT.19
contig_991	CONCOCT.13
contig_992	CONCOCT.13
contig_993	CONCOCT.13
contig_994	CONCOCT.25
contig_995	CONCOCT.33
contig_996	CONCOCT.13
contig_997	CONCOCT.11
contig_999	CONCOCT.31
