contig_1080	bins.001
contig_1124	bins.001
contig_1148	bins.001
contig_1197	bins.001
contig_1246	bins.001
contig_126	bins.001
contig_1281	bins.001
contig_1299	bins.001
contig_1374	bins.001
contig_1465	bins.001
contig_1526	bins.001
contig_1602	bins.001
contig_1623	bins.001
contig_1624	bins.001
contig_1693	bins.001
contig_1708	bins.001
contig_1710	bins.001
contig_1720	bins.001
contig_1761	bins.001
contig_1819	bins.001
contig_1903	bins.001
contig_1921	bins.001
contig_2113	bins.001
contig_2125	bins.001
contig_2134	bins.001
contig_2153	bins.001
contig_2206	bins.001
contig_2227	bins.001
contig_2248	bins.001
contig_225	bins.001
contig_2253	bins.001
contig_2262	bins.001
contig_2266	bins.001
contig_2289	bins.001
contig_2328	bins.001
contig_2404	bins.001
contig_2450	bins.001
contig_2501	bins.001
contig_2614	bins.001
contig_2631	bins.001
contig_2634	bins.001
contig_2638	bins.001
contig_2710	bins.001
contig_2820	bins.001
contig_2896	bins.001
contig_2905	bins.001
contig_2906	bins.001
contig_2934	bins.001
contig_2939	bins.001
contig_297	bins.001
contig_3015	bins.001
contig_3024	bins.001
contig_307	bins.001
contig_3110	bins.001
contig_315	bins.001
contig_3333	bins.001
contig_3421	bins.001
contig_357	bins.001
contig_400	bins.001
contig_462	bins.001
contig_464	bins.001
contig_494	bins.001
contig_497	bins.001
contig_512	bins.001
contig_513	bins.001
contig_514	bins.001
contig_555	bins.001
contig_604	bins.001
contig_638	bins.001
contig_678	bins.001
contig_735	bins.001
contig_924	bins.001
contig_927	bins.001
contig_969	bins.001
contig_972	bins.001
contig_1029	bins.002
contig_1049	bins.002
contig_1072	bins.002
contig_109	bins.002
contig_110	bins.002
contig_1112	bins.002
contig_1123	bins.002
contig_115	bins.002
contig_1203	bins.002
contig_127	bins.002
contig_1293	bins.002
contig_1296	bins.002
contig_1305	bins.002
contig_1359	bins.002
contig_1406	bins.002
contig_1430	bins.002
contig_1445	bins.002
contig_1446	bins.002
contig_1472	bins.002
contig_150	bins.002
contig_1570	bins.002
contig_1604	bins.002
contig_161	bins.002
contig_1676	bins.002
contig_1679	bins.002
contig_1699	bins.002
contig_1727	bins.002
contig_1728	bins.002
contig_1737	bins.002
contig_1786	bins.002
contig_1822	bins.002
contig_1832	bins.002
contig_1840	bins.002
contig_1865	bins.002
contig_1947	bins.002
contig_2073	bins.002
contig_210	bins.002
contig_2115	bins.002
contig_214	bins.002
contig_2146	bins.002
contig_2182	bins.002
contig_2191	bins.002
contig_2202	bins.002
contig_222	bins.002
contig_2245	bins.002
contig_2280	bins.002
contig_2300	bins.002
contig_2306	bins.002
contig_2326	bins.002
contig_2332	bins.002
contig_2337	bins.002
contig_235	bins.002
contig_2366	bins.002
contig_2370	bins.002
contig_2468	bins.002
contig_2613	bins.002
contig_2615	bins.002
contig_2621	bins.002
contig_2632	bins.002
contig_2644	bins.002
contig_2665	bins.002
contig_2680	bins.002
contig_275	bins.002
contig_2766	bins.002
contig_277	bins.002
contig_2779	bins.002
contig_2780	bins.002
contig_2795	bins.002
contig_2833	bins.002
contig_284	bins.002
contig_285	bins.002
contig_2852	bins.002
contig_2873	bins.002
contig_2881	bins.002
contig_2894	bins.002
contig_2898	bins.002
contig_2903	bins.002
contig_2921	bins.002
contig_2982	bins.002
contig_300	bins.002
contig_3023	bins.002
contig_3058	bins.002
contig_3071	bins.002
contig_3195	bins.002
contig_3199	bins.002
contig_3215	bins.002
contig_3238	bins.002
contig_3262	bins.002
contig_3332	bins.002
contig_3337	bins.002
contig_3338	bins.002
contig_3363	bins.002
contig_3366	bins.002
contig_3382	bins.002
contig_3387	bins.002
contig_3447	bins.002
contig_3475	bins.002
contig_3502	bins.002
contig_363	bins.002
contig_372	bins.002
contig_433	bins.002
contig_442	bins.002
contig_443	bins.002
contig_453	bins.002
contig_495	bins.002
contig_520	bins.002
contig_54	bins.002
contig_544	bins.002
contig_545	bins.002
contig_572	bins.002
contig_600	bins.002
contig_603	bins.002
contig_606	bins.002
contig_607	bins.002
contig_685	bins.002
contig_724	bins.002
contig_733	bins.002
contig_755	bins.002
contig_76	bins.002
contig_79	bins.002
contig_807	bins.002
contig_81	bins.002
contig_819	bins.002
contig_846	bins.002
contig_853	bins.002
contig_857	bins.002
contig_87	bins.002
contig_902	bins.002
contig_948	bins.002
contig_964	bins.002
contig_989	bins.002
contig_990	bins.002
contig_101	bins.003
contig_1063	bins.003
contig_1068	bins.003
contig_1103	bins.003
contig_1145	bins.003
contig_1156	bins.003
contig_1167	bins.003
contig_1195	bins.003
contig_1196	bins.003
contig_1202	bins.003
contig_1260	bins.003
contig_1280	bins.003
contig_1345	bins.003
contig_1348	bins.003
contig_1400	bins.003
contig_142	bins.003
contig_148	bins.003
contig_1512	bins.003
contig_1534	bins.003
contig_1574	bins.003
contig_1714	bins.003
contig_1724	bins.003
contig_1730	bins.003
contig_1755	bins.003
contig_1781	bins.003
contig_1784	bins.003
contig_1785	bins.003
contig_1793	bins.003
contig_1807	bins.003
contig_1889	bins.003
contig_1914	bins.003
contig_1942	bins.003
contig_1973	bins.003
contig_1989	bins.003
contig_1990	bins.003
contig_1991	bins.003
contig_2039	bins.003
contig_2074	bins.003
contig_208	bins.003
contig_2097	bins.003
contig_2109	bins.003
contig_2126	bins.003
contig_2139	bins.003
contig_215	bins.003
contig_2150	bins.003
contig_2161	bins.003
contig_2170	bins.003
contig_2203	bins.003
contig_2221	bins.003
contig_2255	bins.003
contig_2357	bins.003
contig_2379	bins.003
contig_2459	bins.003
contig_2484	bins.003
contig_2526	bins.003
contig_2527	bins.003
contig_2530	bins.003
contig_2556	bins.003
contig_2557	bins.003
contig_2569	bins.003
contig_2587	bins.003
contig_2647	bins.003
contig_2661	bins.003
contig_2747	bins.003
contig_2839	bins.003
contig_2865	bins.003
contig_2907	bins.003
contig_2957	bins.003
contig_3014	bins.003
contig_3031	bins.003
contig_3093	bins.003
contig_311	bins.003
contig_312	bins.003
contig_3127	bins.003
contig_3131	bins.003
contig_3205	bins.003
contig_3218	bins.003
contig_3255	bins.003
contig_3278	bins.003
contig_3293	bins.003
contig_3317	bins.003
contig_3348	bins.003
contig_3361	bins.003
contig_3406	bins.003
contig_3437	bins.003
contig_3439	bins.003
contig_344	bins.003
contig_3440	bins.003
contig_3456	bins.003
contig_3482	bins.003
contig_3513	bins.003
contig_3520	bins.003
contig_377	bins.003
contig_4	bins.003
contig_421	bins.003
contig_425	bins.003
contig_44	bins.003
contig_472	bins.003
contig_489	bins.003
contig_5	bins.003
contig_562	bins.003
contig_583	bins.003
contig_624	bins.003
contig_639	bins.003
contig_65	bins.003
contig_657	bins.003
contig_669	bins.003
contig_673	bins.003
contig_677	bins.003
contig_696	bins.003
contig_719	bins.003
contig_730	bins.003
contig_734	bins.003
contig_738	bins.003
contig_795	bins.003
contig_817	bins.003
contig_82	bins.003
contig_843	bins.003
contig_876	bins.003
contig_899	bins.003
contig_905	bins.003
contig_135	bins.004
contig_2503	bins.004
contig_2988	bins.004
contig_390	bins.004
contig_1208	bins.005
contig_2448	bins.005
contig_3140	bins.005
contig_3320	bins.005
contig_3373	bins.005
contig_10	bins.006
contig_1790	bins.006
contig_1809	bins.006
contig_2141	bins.006
contig_2302	bins.006
contig_2771	bins.006
contig_466	bins.006
contig_503	bins.006
contig_775	bins.006
contig_78	bins.006
contig_1026	bins.007
contig_108	bins.007
contig_1087	bins.007
contig_1090	bins.007
contig_1118	bins.007
contig_1133	bins.007
contig_1135	bins.007
contig_1166	bins.007
contig_1230	bins.007
contig_1262	bins.007
contig_1325	bins.007
contig_1342	bins.007
contig_1354	bins.007
contig_1378	bins.007
contig_1386	bins.007
contig_1414	bins.007
contig_1552	bins.007
contig_1558	bins.007
contig_1560	bins.007
contig_1575	bins.007
contig_160	bins.007
contig_1617	bins.007
contig_1628	bins.007
contig_164	bins.007
contig_1648	bins.007
contig_1650	bins.007
contig_1805	bins.007
contig_1827	bins.007
contig_1846	bins.007
contig_1849	bins.007
contig_1880	bins.007
contig_1900	bins.007
contig_1916	bins.007
contig_1927	bins.007
contig_1956	bins.007
contig_1958	bins.007
contig_2022	bins.007
contig_2034	bins.007
contig_2067	bins.007
contig_2082	bins.007
contig_2085	bins.007
contig_2127	bins.007
contig_2129	bins.007
contig_2157	bins.007
contig_2193	bins.007
contig_2236	bins.007
contig_2279	bins.007
contig_2287	bins.007
contig_2321	bins.007
contig_2346	bins.007
contig_2347	bins.007
contig_2356	bins.007
contig_2365	bins.007
contig_2367	bins.007
contig_2397	bins.007
contig_2399	bins.007
contig_2417	bins.007
contig_242	bins.007
contig_2427	bins.007
contig_2436	bins.007
contig_2456	bins.007
contig_2521	bins.007
contig_2571	bins.007
contig_2650	bins.007
contig_2654	bins.007
contig_2660	bins.007
contig_2663	bins.007
contig_270	bins.007
contig_2801	bins.007
contig_2825	bins.007
contig_2844	bins.007
contig_2913	bins.007
contig_295	bins.007
contig_3007	bins.007
contig_3017	bins.007
contig_3029	bins.007
contig_3035	bins.007
contig_3041	bins.007
contig_3060	bins.007
contig_3063	bins.007
contig_3064	bins.007
contig_3080	bins.007
contig_3098	bins.007
contig_3107	bins.007
contig_3134	bins.007
contig_3145	bins.007
contig_3148	bins.007
contig_3149	bins.007
contig_3155	bins.007
contig_3227	bins.007
contig_3243	bins.007
contig_3254	bins.007
contig_3263	bins.007
contig_3273	bins.007
contig_3291	bins.007
contig_3365	bins.007
contig_3431	bins.007
contig_3445	bins.007
contig_3478	bins.007
contig_431	bins.007
contig_432	bins.007
contig_452	bins.007
contig_460	bins.007
contig_500	bins.007
contig_502	bins.007
contig_518	bins.007
contig_53	bins.007
contig_574	bins.007
contig_656	bins.007
contig_667	bins.007
contig_694	bins.007
contig_720	bins.007
contig_726	bins.007
contig_752	bins.007
contig_773	bins.007
contig_828	bins.007
contig_855	bins.007
contig_901	bins.007
contig_915	bins.007
contig_946	bins.007
contig_985	bins.007
contig_1020	bins.008
contig_1021	bins.008
contig_1022	bins.008
contig_1039	bins.008
contig_106	bins.008
contig_1066	bins.008
contig_1078	bins.008
contig_1113	bins.008
contig_1114	bins.008
contig_1129	bins.008
contig_1132	bins.008
contig_1144	bins.008
contig_1158	bins.008
contig_116	bins.008
contig_1175	bins.008
contig_1185	bins.008
contig_1206	bins.008
contig_121	bins.008
contig_1215	bins.008
contig_1219	bins.008
contig_1235	bins.008
contig_125	bins.008
contig_1277	bins.008
contig_1284	bins.008
contig_1292	bins.008
contig_1300	bins.008
contig_1319	bins.008
contig_1320	bins.008
contig_1368	bins.008
contig_1383	bins.008
contig_1392	bins.008
contig_1394	bins.008
contig_1403	bins.008
contig_1421	bins.008
contig_1449	bins.008
contig_1466	bins.008
contig_1484	bins.008
contig_1507	bins.008
contig_153	bins.008
contig_1531	bins.008
contig_1532	bins.008
contig_1576	bins.008
contig_1590	bins.008
contig_1626	bins.008
contig_163	bins.008
contig_1631	bins.008
contig_1653	bins.008
contig_1658	bins.008
contig_1665	bins.008
contig_1668	bins.008
contig_1718	bins.008
contig_1732	bins.008
contig_1735	bins.008
contig_1749	bins.008
contig_1766	bins.008
contig_1776	bins.008
contig_1797	bins.008
contig_18	bins.008
contig_1828	bins.008
contig_1851	bins.008
contig_1853	bins.008
contig_1870	bins.008
contig_1875	bins.008
contig_1892	bins.008
contig_1898	bins.008
contig_1912	bins.008
contig_1936	bins.008
contig_1937	bins.008
contig_1967	bins.008
contig_197	bins.008
contig_1980	bins.008
contig_2008	bins.008
contig_2025	bins.008
contig_2035	bins.008
contig_2048	bins.008
contig_2062	bins.008
contig_2075	bins.008
contig_2095	bins.008
contig_2099	bins.008
contig_2107	bins.008
contig_2112	bins.008
contig_2128	bins.008
contig_2132	bins.008
contig_2145	bins.008
contig_216	bins.008
contig_2172	bins.008
contig_218	bins.008
contig_2187	bins.008
contig_2197	bins.008
contig_2217	bins.008
contig_2235	bins.008
contig_2252	bins.008
contig_2271	bins.008
contig_2272	bins.008
contig_2301	bins.008
contig_2303	bins.008
contig_2311	bins.008
contig_2327	bins.008
contig_2339	bins.008
contig_2352	bins.008
contig_2355	bins.008
contig_2363	bins.008
contig_237	bins.008
contig_2373	bins.008
contig_2409	bins.008
contig_2429	bins.008
contig_2435	bins.008
contig_2442	bins.008
contig_2464	bins.008
contig_2470	bins.008
contig_248	bins.008
contig_2496	bins.008
contig_2510	bins.008
contig_2512	bins.008
contig_2539	bins.008
contig_2544	bins.008
contig_2594	bins.008
contig_2606	bins.008
contig_2608	bins.008
contig_2609	bins.008
contig_2626	bins.008
contig_265	bins.008
contig_2657	bins.008
contig_2662	bins.008
contig_2716	bins.008
contig_2719	bins.008
contig_2757	bins.008
contig_2797	bins.008
contig_2807	bins.008
contig_2810	bins.008
contig_2821	bins.008
contig_2836	bins.008
contig_2841	bins.008
contig_2848	bins.008
contig_2866	bins.008
contig_2874	bins.008
contig_2893	bins.008
contig_2900	bins.008
contig_2904	bins.008
contig_291	bins.008
contig_2925	bins.008
contig_2938	bins.008
contig_2940	bins.008
contig_2943	bins.008
contig_2946	bins.008
contig_2950	bins.008
contig_2959	bins.008
contig_3001	bins.008
contig_3006	bins.008
contig_304	bins.008
contig_3049	bins.008
contig_305	bins.008
contig_3055	bins.008
contig_3066	bins.008
contig_3088	bins.008
contig_3092	bins.008
contig_3132	bins.008
contig_3137	bins.008
contig_314	bins.008
contig_3162	bins.008
contig_3171	bins.008
contig_3182	bins.008
contig_3187	bins.008
contig_3188	bins.008
contig_3194	bins.008
contig_3196	bins.008
contig_3219	bins.008
contig_3223	bins.008
contig_3228	bins.008
contig_3230	bins.008
contig_3247	bins.008
contig_3253	bins.008
contig_3266	bins.008
contig_3276	bins.008
contig_328	bins.008
contig_3280	bins.008
contig_3287	bins.008
contig_3288	bins.008
contig_3295	bins.008
contig_3296	bins.008
contig_3298	bins.008
contig_3311	bins.008
contig_3322	bins.008
contig_3349	bins.008
contig_3362	bins.008
contig_3372	bins.008
contig_3386	bins.008
contig_3392	bins.008
contig_3433	bins.008
contig_3442	bins.008
contig_3458	bins.008
contig_3463	bins.008
contig_348	bins.008
contig_3481	bins.008
contig_3508	bins.008
contig_386	bins.008
contig_406	bins.008
contig_486	bins.008
contig_492	bins.008
contig_508	bins.008
contig_517	bins.008
contig_527	bins.008
contig_530	bins.008
contig_559	bins.008
contig_617	bins.008
contig_637	bins.008
contig_649	bins.008
contig_66	bins.008
contig_665	bins.008
contig_672	bins.008
contig_700	bins.008
contig_703	bins.008
contig_713	bins.008
contig_714	bins.008
contig_725	bins.008
contig_74	bins.008
contig_742	bins.008
contig_744	bins.008
contig_774	bins.008
contig_786	bins.008
contig_794	bins.008
contig_801	bins.008
contig_806	bins.008
contig_842	bins.008
contig_845	bins.008
contig_851	bins.008
contig_863	bins.008
contig_867	bins.008
contig_894	bins.008
contig_904	bins.008
contig_919	bins.008
contig_921	bins.008
contig_925	bins.008
contig_943	bins.008
contig_958	bins.008
contig_960	bins.008
contig_963	bins.008
contig_966	bins.008
contig_976	bins.008
contig_979	bins.008
contig_100	bins.009
contig_1008	bins.009
contig_1009	bins.009
contig_1012	bins.009
contig_1017	bins.009
contig_1031	bins.009
contig_1060	bins.009
contig_1075	bins.009
contig_1088	bins.009
contig_1091	bins.009
contig_1117	bins.009
contig_1139	bins.009
contig_1147	bins.009
contig_1153	bins.009
contig_118	bins.009
contig_1180	bins.009
contig_1184	bins.009
contig_1211	bins.009
contig_1226	bins.009
contig_123	bins.009
contig_124	bins.009
contig_1242	bins.009
contig_1247	bins.009
contig_1259	bins.009
contig_128	bins.009
contig_130	bins.009
contig_1304	bins.009
contig_1318	bins.009
contig_1328	bins.009
contig_1333	bins.009
contig_134	bins.009
contig_1356	bins.009
contig_1363	bins.009
contig_1397	bins.009
contig_1407	bins.009
contig_1416	bins.009
contig_1420	bins.009
contig_1444	bins.009
contig_1462	bins.009
contig_1463	bins.009
contig_1464	bins.009
contig_1506	bins.009
contig_1513	bins.009
contig_1529	bins.009
contig_1536	bins.009
contig_1537	bins.009
contig_1555	bins.009
contig_1567	bins.009
contig_1579	bins.009
contig_1622	bins.009
contig_1627	bins.009
contig_1630	bins.009
contig_1641	bins.009
contig_1642	bins.009
contig_1643	bins.009
contig_1663	bins.009
contig_1670	bins.009
contig_1683	bins.009
contig_1686	bins.009
contig_1691	bins.009
contig_1701	bins.009
contig_1707	bins.009
contig_174	bins.009
contig_1753	bins.009
contig_1754	bins.009
contig_1774	bins.009
contig_1787	bins.009
contig_1795	bins.009
contig_1799	bins.009
contig_1801	bins.009
contig_1820	bins.009
contig_1824	bins.009
contig_1829	bins.009
contig_183	bins.009
contig_1834	bins.009
contig_1837	bins.009
contig_1878	bins.009
contig_1879	bins.009
contig_1905	bins.009
contig_1911	bins.009
contig_1926	bins.009
contig_1930	bins.009
contig_1934	bins.009
contig_1939	bins.009
contig_1951	bins.009
contig_1959	bins.009
contig_1961	bins.009
contig_198	bins.009
contig_1982	bins.009
contig_1983	bins.009
contig_1992	bins.009
contig_1994	bins.009
contig_1998	bins.009
contig_2009	bins.009
contig_2014	bins.009
contig_2028	bins.009
contig_2031	bins.009
contig_2033	bins.009
contig_2046	bins.009
contig_205	bins.009
contig_2069	bins.009
contig_2070	bins.009
contig_2071	bins.009
contig_2078	bins.009
contig_2087	bins.009
contig_2120	bins.009
contig_2135	bins.009
contig_2140	bins.009
contig_2174	bins.009
contig_2214	bins.009
contig_2222	bins.009
contig_2241	bins.009
contig_2247	bins.009
contig_230	bins.009
contig_2305	bins.009
contig_2315	bins.009
contig_2316	bins.009
contig_2317	bins.009
contig_2318	bins.009
contig_2319	bins.009
contig_2342	bins.009
contig_2360	bins.009
contig_2361	bins.009
contig_2368	bins.009
contig_2375	bins.009
contig_2380	bins.009
contig_2391	bins.009
contig_2392	bins.009
contig_2400	bins.009
contig_2406	bins.009
contig_2413	bins.009
contig_2418	bins.009
contig_2422	bins.009
contig_2432	bins.009
contig_2462	bins.009
contig_2473	bins.009
contig_2491	bins.009
contig_2506	bins.009
contig_2509	bins.009
contig_2519	bins.009
contig_2547	bins.009
contig_2551	bins.009
contig_2565	bins.009
contig_2576	bins.009
contig_2612	bins.009
contig_2620	bins.009
contig_2630	bins.009
contig_2633	bins.009
contig_2641	bins.009
contig_2649	bins.009
contig_2651	bins.009
contig_2658	bins.009
contig_2693	bins.009
contig_2712	bins.009
contig_2735	bins.009
contig_2739	bins.009
contig_2741	bins.009
contig_2764	bins.009
contig_278	bins.009
contig_2788	bins.009
contig_2789	bins.009
contig_2798	bins.009
contig_2800	bins.009
contig_2802	bins.009
contig_2815	bins.009
contig_2819	bins.009
contig_282	bins.009
contig_283	bins.009
contig_2838	bins.009
contig_2842	bins.009
contig_2846	bins.009
contig_2849	bins.009
contig_2862	bins.009
contig_2864	bins.009
contig_2876	bins.009
contig_2899	bins.009
contig_2924	bins.009
contig_2954	bins.009
contig_2979	bins.009
contig_2996	bins.009
contig_3057	bins.009
contig_3061	bins.009
contig_3067	bins.009
contig_3072	bins.009
contig_3076	bins.009
contig_3082	bins.009
contig_3086	bins.009
contig_3113	bins.009
contig_3138	bins.009
contig_3143	bins.009
contig_317	bins.009
contig_3191	bins.009
contig_320	bins.009
contig_321	bins.009
contig_322	bins.009
contig_3231	bins.009
contig_3241	bins.009
contig_3246	bins.009
contig_3249	bins.009
contig_3268	bins.009
contig_3272	bins.009
contig_3285	bins.009
contig_3314	bins.009
contig_3339	bins.009
contig_340	bins.009
contig_3405	bins.009
contig_3420	bins.009
contig_3423	bins.009
contig_3465	bins.009
contig_3488	bins.009
contig_3496	bins.009
contig_360	bins.009
contig_362	bins.009
contig_364	bins.009
contig_365	bins.009
contig_382	bins.009
contig_384	bins.009
contig_385	bins.009
contig_397	bins.009
contig_399	bins.009
contig_403	bins.009
contig_407	bins.009
contig_423	bins.009
contig_445	bins.009
contig_509	bins.009
contig_553	bins.009
contig_585	bins.009
contig_589	bins.009
contig_597	bins.009
contig_633	bins.009
contig_651	bins.009
contig_664	bins.009
contig_695	bins.009
contig_710	bins.009
contig_712	bins.009
contig_747	bins.009
contig_748	bins.009
contig_751	bins.009
contig_764	bins.009
contig_780	bins.009
contig_783	bins.009
contig_784	bins.009
contig_796	bins.009
contig_797	bins.009
contig_798	bins.009
contig_799	bins.009
contig_800	bins.009
contig_821	bins.009
contig_829	bins.009
contig_831	bins.009
contig_836	bins.009
contig_837	bins.009
contig_868	bins.009
contig_887	bins.009
contig_896	bins.009
contig_906	bins.009
contig_940	bins.009
contig_944	bins.009
contig_955	bins.009
contig_961	bins.009
contig_967	bins.009
contig_968	bins.009
contig_970	bins.009
contig_980	bins.009
contig_982	bins.009
contig_987	bins.009
contig_1014	bins.010
contig_1059	bins.010
contig_1061	bins.010
contig_1065	bins.010
contig_1086	bins.010
contig_1094	bins.010
contig_1099	bins.010
contig_1105	bins.010
contig_1115	bins.010
contig_113	bins.010
contig_1140	bins.010
contig_1142	bins.010
contig_1151	bins.010
contig_1168	bins.010
contig_1170	bins.010
contig_120	bins.010
contig_1221	bins.010
contig_1244	bins.010
contig_1254	bins.010
contig_1273	bins.010
contig_1295	bins.010
contig_1310	bins.010
contig_1313	bins.010
contig_1343	bins.010
contig_1352	bins.010
contig_1355	bins.010
contig_136	bins.010
contig_1390	bins.010
contig_1396	bins.010
contig_1399	bins.010
contig_14	bins.010
contig_1404	bins.010
contig_1405	bins.010
contig_1427	bins.010
contig_1433	bins.010
contig_1439	bins.010
contig_1442	bins.010
contig_1448	bins.010
contig_1452	bins.010
contig_1474	bins.010
contig_1475	bins.010
contig_1476	bins.010
contig_1492	bins.010
contig_1495	bins.010
contig_1516	bins.010
contig_1535	bins.010
contig_1543	bins.010
contig_1553	bins.010
contig_1554	bins.010
contig_1566	bins.010
contig_1569	bins.010
contig_1586	bins.010
contig_1591	bins.010
contig_1594	bins.010
contig_1596	bins.010
contig_1652	bins.010
contig_1657	bins.010
contig_166	bins.010
contig_1666	bins.010
contig_1667	bins.010
contig_1675	bins.010
contig_1678	bins.010
contig_1703	bins.010
contig_1705	bins.010
contig_1709	bins.010
contig_1725	bins.010
contig_1751	bins.010
contig_1788	bins.010
contig_1836	bins.010
contig_1858	bins.010
contig_1862	bins.010
contig_1872	bins.010
contig_1887	bins.010
contig_1940	bins.010
contig_195	bins.010
contig_1950	bins.010
contig_1977	bins.010
contig_2065	bins.010
contig_2081	bins.010
contig_2092	bins.010
contig_2102	bins.010
contig_2105	bins.010
contig_2152	bins.010
contig_2159	bins.010
contig_2160	bins.010
contig_2198	bins.010
contig_2205	bins.010
contig_2210	bins.010
contig_2226	bins.010
contig_2228	bins.010
contig_2240	bins.010
contig_2260	bins.010
contig_2265	bins.010
contig_2299	bins.010
contig_2308	bins.010
contig_2309	bins.010
contig_2322	bins.010
contig_2336	bins.010
contig_2350	bins.010
contig_2451	bins.010
contig_2471	bins.010
contig_2482	bins.010
contig_2485	bins.010
contig_2488	bins.010
contig_2492	bins.010
contig_2498	bins.010
contig_2500	bins.010
contig_2513	bins.010
contig_2516	bins.010
contig_2528	bins.010
contig_2535	bins.010
contig_2555	bins.010
contig_2567	bins.010
contig_2568	bins.010
contig_2574	bins.010
contig_2583	bins.010
contig_2588	bins.010
contig_2593	bins.010
contig_2599	bins.010
contig_2600	bins.010
contig_2601	bins.010
contig_2619	bins.010
contig_2637	bins.010
contig_2666	bins.010
contig_2713	bins.010
contig_2729	bins.010
contig_2746	bins.010
contig_2777	bins.010
contig_2816	bins.010
contig_2818	bins.010
contig_2822	bins.010
contig_2830	bins.010
contig_2859	bins.010
contig_2871	bins.010
contig_2875	bins.010
contig_2888	bins.010
contig_2908	bins.010
contig_2909	bins.010
contig_2910	bins.010
contig_2912	bins.010
contig_2915	bins.010
contig_293	bins.010
contig_2933	bins.010
contig_2973	bins.010
contig_2986	bins.010
contig_2994	bins.010
contig_2999	bins.010
contig_3019	bins.010
contig_3037	bins.010
contig_3047	bins.010
contig_3050	bins.010
contig_3051	bins.010
contig_3053	bins.010
contig_3077	bins.010
contig_3099	bins.010
contig_3101	bins.010
contig_3106	bins.010
contig_3108	bins.010
contig_3109	bins.010
contig_3114	bins.010
contig_3115	bins.010
contig_3122	bins.010
contig_3124	bins.010
contig_3135	bins.010
contig_3142	bins.010
contig_3144	bins.010
contig_3165	bins.010
contig_3167	bins.010
contig_3174	bins.010
contig_3211	bins.010
contig_3220	bins.010
contig_3232	bins.010
contig_3236	bins.010
contig_325	bins.010
contig_3265	bins.010
contig_3270	bins.010
contig_3279	bins.010
contig_3290	bins.010
contig_3297	bins.010
contig_3300	bins.010
contig_3303	bins.010
contig_3316	bins.010
contig_3344	bins.010
contig_3357	bins.010
contig_337	bins.010
contig_3370	bins.010
contig_3375	bins.010
contig_3380	bins.010
contig_339	bins.010
contig_3395	bins.010
contig_3403	bins.010
contig_3410	bins.010
contig_3412	bins.010
contig_3453	bins.010
contig_3462	bins.010
contig_3493	bins.010
contig_350	bins.010
contig_3507	bins.010
contig_351	bins.010
contig_3511	bins.010
contig_3517	bins.010
contig_3518	bins.010
contig_380	bins.010
contig_394	bins.010
contig_395	bins.010
contig_420	bins.010
contig_436	bins.010
contig_459	bins.010
contig_485	bins.010
contig_487	bins.010
contig_491	bins.010
contig_541	bins.010
contig_55	bins.010
contig_586	bins.010
contig_590	bins.010
contig_609	bins.010
contig_64	bins.010
contig_662	bins.010
contig_687	bins.010
contig_704	bins.010
contig_706	bins.010
contig_756	bins.010
contig_791	bins.010
contig_810	bins.010
contig_812	bins.010
contig_814	bins.010
contig_823	bins.010
contig_865	bins.010
contig_869	bins.010
contig_874	bins.010
contig_889	bins.010
contig_890	bins.010
contig_910	bins.010
contig_917	bins.010
contig_953	bins.010
contig_978	bins.010
contig_994	bins.010
contig_1016	bins.011
contig_1069	bins.011
contig_1074	bins.011
contig_1079	bins.011
contig_1093	bins.011
contig_1104	bins.011
contig_1119	bins.011
contig_1138	bins.011
contig_1209	bins.011
contig_1212	bins.011
contig_1214	bins.011
contig_1224	bins.011
contig_1233	bins.011
contig_1245	bins.011
contig_1248	bins.011
contig_1252	bins.011
contig_1297	bins.011
contig_1309	bins.011
contig_1337	bins.011
contig_1358	bins.011
contig_1362	bins.011
contig_1364	bins.011
contig_1423	bins.011
contig_144	bins.011
contig_1441	bins.011
contig_1460	bins.011
contig_1468	bins.011
contig_15	bins.011
contig_1508	bins.011
contig_1564	bins.011
contig_1600	bins.011
contig_1632	bins.011
contig_1645	bins.011
contig_1660	bins.011
contig_1677	bins.011
contig_1685	bins.011
contig_1695	bins.011
contig_1702	bins.011
contig_1706	bins.011
contig_1716	bins.011
contig_172	bins.011
contig_1763	bins.011
contig_1769	bins.011
contig_177	bins.011
contig_1773	bins.011
contig_1777	bins.011
contig_1789	bins.011
contig_1810	bins.011
contig_1814	bins.011
contig_182	bins.011
contig_1876	bins.011
contig_1888	bins.011
contig_1890	bins.011
contig_1891	bins.011
contig_1925	bins.011
contig_1929	bins.011
contig_1941	bins.011
contig_1976	bins.011
contig_1979	bins.011
contig_1988	bins.011
contig_2006	bins.011
contig_2042	bins.011
contig_2049	bins.011
contig_2050	bins.011
contig_2058	bins.011
contig_2061	bins.011
contig_2119	bins.011
contig_2149	bins.011
contig_2158	bins.011
contig_2194	bins.011
contig_2195	bins.011
contig_2207	bins.011
contig_2220	bins.011
contig_2246	bins.011
contig_2249	bins.011
contig_2277	bins.011
contig_2324	bins.011
contig_2345	bins.011
contig_2395	bins.011
contig_2398	bins.011
contig_2402	bins.011
contig_2441	bins.011
contig_2457	bins.011
contig_2458	bins.011
contig_2469	bins.011
contig_2486	bins.011
contig_2525	bins.011
contig_2558	bins.011
contig_2563	bins.011
contig_2577	bins.011
contig_2586	bins.011
contig_2611	bins.011
contig_2676	bins.011
contig_2677	bins.011
contig_2682	bins.011
contig_2687	bins.011
contig_2690	bins.011
contig_2695	bins.011
contig_2707	bins.011
contig_2708	bins.011
contig_2727	bins.011
contig_2731	bins.011
contig_2737	bins.011
contig_2754	bins.011
contig_2794	bins.011
contig_2796	bins.011
contig_2812	bins.011
contig_2831	bins.011
contig_2832	bins.011
contig_2867	bins.011
contig_287	bins.011
contig_2870	bins.011
contig_2887	bins.011
contig_2889	bins.011
contig_290	bins.011
contig_2922	bins.011
contig_2932	bins.011
contig_2945	bins.011
contig_2970	bins.011
contig_2980	bins.011
contig_2991	bins.011
contig_3009	bins.011
contig_3025	bins.011
contig_3028	bins.011
contig_306	bins.011
contig_3084	bins.011
contig_3089	bins.011
contig_310	bins.011
contig_3116	bins.011
contig_3119	bins.011
contig_3151	bins.011
contig_3161	bins.011
contig_3172	bins.011
contig_3179	bins.011
contig_3198	bins.011
contig_323	bins.011
contig_3264	bins.011
contig_3318	bins.011
contig_3324	bins.011
contig_3325	bins.011
contig_3329	bins.011
contig_3330	bins.011
contig_3335	bins.011
contig_3336	bins.011
contig_3379	bins.011
contig_338	bins.011
contig_3417	bins.011
contig_3427	bins.011
contig_3428	bins.011
contig_3430	bins.011
contig_3452	bins.011
contig_3487	bins.011
contig_375	bins.011
contig_376	bins.011
contig_379	bins.011
contig_381	bins.011
contig_389	bins.011
contig_391	bins.011
contig_405	bins.011
contig_413	bins.011
contig_467	bins.011
contig_476	bins.011
contig_481	bins.011
contig_493	bins.011
contig_498	bins.011
contig_529	bins.011
contig_531	bins.011
contig_549	bins.011
contig_568	bins.011
contig_593	bins.011
contig_631	bins.011
contig_635	bins.011
contig_636	bins.011
contig_658	bins.011
contig_701	bins.011
contig_702	bins.011
contig_763	bins.011
contig_776	bins.011
contig_790	bins.011
contig_811	bins.011
contig_825	bins.011
contig_830	bins.011
contig_832	bins.011
contig_835	bins.011
contig_844	bins.011
contig_852	bins.011
contig_866	bins.011
contig_872	bins.011
contig_88	bins.011
contig_898	bins.011
contig_903	bins.011
contig_929	bins.011
contig_947	bins.011
contig_950	bins.011
contig_988	bins.011
contig_1010	bins.012
contig_1011	bins.012
contig_1013	bins.012
contig_1025	bins.012
contig_105	bins.012
contig_1062	bins.012
contig_1064	bins.012
contig_1067	bins.012
contig_107	bins.012
contig_1077	bins.012
contig_1083	bins.012
contig_1098	bins.012
contig_1100	bins.012
contig_111	bins.012
contig_1121	bins.012
contig_1122	bins.012
contig_1128	bins.012
contig_1136	bins.012
contig_114	bins.012
contig_1141	bins.012
contig_1155	bins.012
contig_1157	bins.012
contig_1163	bins.012
contig_1165	bins.012
contig_117	bins.012
contig_1171	bins.012
contig_1173	bins.012
contig_1179	bins.012
contig_119	bins.012
contig_1193	bins.012
contig_1194	bins.012
contig_1204	bins.012
contig_1213	bins.012
contig_1220	bins.012
contig_1222	bins.012
contig_1223	bins.012
contig_1232	bins.012
contig_1241	bins.012
contig_1251	bins.012
contig_1258	bins.012
contig_1266	bins.012
contig_1274	bins.012
contig_1278	bins.012
contig_1279	bins.012
contig_1298	bins.012
contig_1308	bins.012
contig_1327	bins.012
contig_1334	bins.012
contig_1338	bins.012
contig_1369	bins.012
contig_1371	bins.012
contig_1380	bins.012
contig_1381	bins.012
contig_1395	bins.012
contig_1401	bins.012
contig_1402	bins.012
contig_1411	bins.012
contig_1418	bins.012
contig_1469	bins.012
contig_1470	bins.012
contig_1471	bins.012
contig_1480	bins.012
contig_1482	bins.012
contig_1486	bins.012
contig_1488	bins.012
contig_1489	bins.012
contig_1491	bins.012
contig_1496	bins.012
contig_1499	bins.012
contig_1511	bins.012
contig_1514	bins.012
contig_1515	bins.012
contig_1519	bins.012
contig_1523	bins.012
contig_1524	bins.012
contig_1527	bins.012
contig_1533	bins.012
contig_1540	bins.012
contig_1556	bins.012
contig_1559	bins.012
contig_1565	bins.012
contig_1577	bins.012
contig_1589	bins.012
contig_1601	bins.012
contig_1614	bins.012
contig_1620	bins.012
contig_1644	bins.012
contig_165	bins.012
contig_1659	bins.012
contig_1661	bins.012
contig_1662	bins.012
contig_1684	bins.012
contig_1689	bins.012
contig_1696	bins.012
contig_1697	bins.012
contig_17	bins.012
contig_1700	bins.012
contig_171	bins.012
contig_1715	bins.012
contig_1721	bins.012
contig_1729	bins.012
contig_173	bins.012
contig_1731	bins.012
contig_1734	bins.012
contig_1745	bins.012
contig_1746	bins.012
contig_1760	bins.012
contig_1762	bins.012
contig_1764	bins.012
contig_1765	bins.012
contig_1770	bins.012
contig_1771	bins.012
contig_1775	bins.012
contig_1782	bins.012
contig_1792	bins.012
contig_1796	bins.012
contig_180	bins.012
contig_1802	bins.012
contig_1804	bins.012
contig_1806	bins.012
contig_181	bins.012
contig_1812	bins.012
contig_184	bins.012
contig_1843	bins.012
contig_1848	bins.012
contig_1852	bins.012
contig_1867	bins.012
contig_1884	bins.012
contig_1885	bins.012
contig_1886	bins.012
contig_1897	bins.012
contig_1902	bins.012
contig_192	bins.012
contig_1938	bins.012
contig_194	bins.012
contig_1946	bins.012
contig_1953	bins.012
contig_1955	bins.012
contig_1963	bins.012
contig_1968	bins.012
contig_1972	bins.012
contig_1974	bins.012
contig_1981	bins.012
contig_199	bins.012
contig_1999	bins.012
contig_20	bins.012
contig_200	bins.012
contig_2016	bins.012
contig_202	bins.012
contig_2020	bins.012
contig_2023	bins.012
contig_2024	bins.012
contig_2043	bins.012
contig_2047	bins.012
contig_206	bins.012
contig_2064	bins.012
contig_2066	bins.012
contig_2094	bins.012
contig_2108	bins.012
contig_2114	bins.012
contig_2121	bins.012
contig_2122	bins.012
contig_2142	bins.012
contig_2151	bins.012
contig_2154	bins.012
contig_2163	bins.012
contig_2164	bins.012
contig_2167	bins.012
contig_2183	bins.012
contig_2185	bins.012
contig_2189	bins.012
contig_219	bins.012
contig_2196	bins.012
contig_2208	bins.012
contig_2218	bins.012
contig_2219	bins.012
contig_2224	bins.012
contig_223	bins.012
contig_2231	bins.012
contig_2234	bins.012
contig_2244	bins.012
contig_2257	bins.012
contig_2259	bins.012
contig_226	bins.012
contig_2268	bins.012
contig_2275	bins.012
contig_2278	bins.012
contig_2283	bins.012
contig_2290	bins.012
contig_2304	bins.012
contig_2320	bins.012
contig_2323	bins.012
contig_2330	bins.012
contig_2331	bins.012
contig_2338	bins.012
contig_2340	bins.012
contig_2349	bins.012
contig_2353	bins.012
contig_2374	bins.012
contig_2386	bins.012
contig_2389	bins.012
contig_2390	bins.012
contig_2393	bins.012
contig_2405	bins.012
contig_2411	bins.012
contig_2419	bins.012
contig_2423	bins.012
contig_2424	bins.012
contig_2431	bins.012
contig_2438	bins.012
contig_2460	bins.012
contig_2461	bins.012
contig_2465	bins.012
contig_2466	bins.012
contig_2472	bins.012
contig_2474	bins.012
contig_2475	bins.012
contig_2476	bins.012
contig_2490	bins.012
contig_2493	bins.012
contig_2514	bins.012
contig_2517	bins.012
contig_2520	bins.012
contig_2536	bins.012
contig_2538	bins.012
contig_2543	bins.012
contig_2553	bins.012
contig_2559	bins.012
contig_2570	bins.012
contig_2579	bins.012
contig_2580	bins.012
contig_2585	bins.012
contig_2596	bins.012
contig_2597	bins.012
contig_2602	bins.012
contig_2603	bins.012
contig_2604	bins.012
contig_2624	bins.012
contig_2627	bins.012
contig_2635	bins.012
contig_2643	bins.012
contig_2652	bins.012
contig_2655	bins.012
contig_2674	bins.012
contig_2678	bins.012
contig_2679	bins.012
contig_2684	bins.012
contig_2689	bins.012
contig_2691	bins.012
contig_2701	bins.012
contig_2702	bins.012
contig_2714	bins.012
contig_2717	bins.012
contig_2718	bins.012
contig_272	bins.012
contig_2724	bins.012
contig_2728	bins.012
contig_2733	bins.012
contig_2745	bins.012
contig_2749	bins.012
contig_2752	bins.012
contig_2753	bins.012
contig_2768	bins.012
contig_2773	bins.012
contig_2775	bins.012
contig_2781	bins.012
contig_2784	bins.012
contig_2786	bins.012
contig_2790	bins.012
contig_2791	bins.012
contig_2803	bins.012
contig_2805	bins.012
contig_2811	bins.012
contig_2813	bins.012
contig_2817	bins.012
contig_2828	bins.012
contig_2835	bins.012
contig_2843	bins.012
contig_2847	bins.012
contig_2854	bins.012
contig_2856	bins.012
contig_2861	bins.012
contig_2863	bins.012
contig_2868	bins.012
contig_2869	bins.012
contig_2872	bins.012
contig_2880	bins.012
contig_2882	bins.012
contig_2890	bins.012
contig_2897	bins.012
contig_2902	bins.012
contig_2911	bins.012
contig_2919	bins.012
contig_2926	bins.012
contig_2931	bins.012
contig_2937	bins.012
contig_2941	bins.012
contig_2942	bins.012
contig_2949	bins.012
contig_2955	bins.012
contig_2958	bins.012
contig_2966	bins.012
contig_2967	bins.012
contig_2972	bins.012
contig_2975	bins.012
contig_2981	bins.012
contig_2984	bins.012
contig_2985	bins.012
contig_2989	bins.012
contig_2998	bins.012
contig_3000	bins.012
contig_3004	bins.012
contig_3013	bins.012
contig_302	bins.012
contig_303	bins.012
contig_3052	bins.012
contig_3065	bins.012
contig_3070	bins.012
contig_3094	bins.012
contig_3103	bins.012
contig_3104	bins.012
contig_3117	bins.012
contig_3118	bins.012
contig_3125	bins.012
contig_313	bins.012
contig_3133	bins.012
contig_3159	bins.012
contig_316	bins.012
contig_3166	bins.012
contig_3168	bins.012
contig_3175	bins.012
contig_3176	bins.012
contig_3190	bins.012
contig_3193	bins.012
contig_3203	bins.012
contig_3209	bins.012
contig_3210	bins.012
contig_3212	bins.012
contig_3216	bins.012
contig_3221	bins.012
contig_3225	bins.012
contig_3234	bins.012
contig_3237	bins.012
contig_3248	bins.012
contig_3252	bins.012
contig_3258	bins.012
contig_3259	bins.012
contig_3260	bins.012
contig_3286	bins.012
contig_3294	bins.012
contig_3306	bins.012
contig_3309	bins.012
contig_3310	bins.012
contig_3312	bins.012
contig_333	bins.012
contig_3334	bins.012
contig_3340	bins.012
contig_3345	bins.012
contig_3358	bins.012
contig_336	bins.012
contig_3364	bins.012
contig_3369	bins.012
contig_3371	bins.012
contig_3374	bins.012
contig_3385	bins.012
contig_3391	bins.012
contig_3402	bins.012
contig_3408	bins.012
contig_3422	bins.012
contig_3466	bins.012
contig_3470	bins.012
contig_3473	bins.012
contig_3480	bins.012
contig_3484	bins.012
contig_3486	bins.012
contig_3503	bins.012
contig_3505	bins.012
contig_3515	bins.012
contig_352	bins.012
contig_356	bins.012
contig_358	bins.012
contig_359	bins.012
contig_367	bins.012
contig_404	bins.012
contig_410	bins.012
contig_422	bins.012
contig_427	bins.012
contig_449	bins.012
contig_470	bins.012
contig_478	bins.012
contig_483	bins.012
contig_496	bins.012
contig_507	bins.012
contig_515	bins.012
contig_523	bins.012
contig_526	bins.012
contig_536	bins.012
contig_537	bins.012
contig_542	bins.012
contig_543	bins.012
contig_546	bins.012
contig_548	bins.012
contig_554	bins.012
contig_56	bins.012
contig_561	bins.012
contig_576	bins.012
contig_577	bins.012
contig_592	bins.012
contig_60	bins.012
contig_61	bins.012
contig_610	bins.012
contig_620	bins.012
contig_621	bins.012
contig_630	bins.012
contig_644	bins.012
contig_650	bins.012
contig_666	bins.012
contig_681	bins.012
contig_691	bins.012
contig_697	bins.012
contig_705	bins.012
contig_711	bins.012
contig_717	bins.012
contig_721	bins.012
contig_729	bins.012
contig_73	bins.012
contig_741	bins.012
contig_750	bins.012
contig_754	bins.012
contig_757	bins.012
contig_760	bins.012
contig_769	bins.012
contig_770	bins.012
contig_777	bins.012
contig_778	bins.012
contig_782	bins.012
contig_789	bins.012
contig_792	bins.012
contig_815	bins.012
contig_820	bins.012
contig_826	bins.012
contig_849	bins.012
contig_850	bins.012
contig_858	bins.012
contig_875	bins.012
contig_878	bins.012
contig_884	bins.012
contig_885	bins.012
contig_888	bins.012
contig_892	bins.012
contig_897	bins.012
contig_900	bins.012
contig_907	bins.012
contig_926	bins.012
contig_928	bins.012
contig_937	bins.012
contig_98	bins.012
contig_995	bins.012
contig_1007	bins.013
contig_1015	bins.013
contig_1027	bins.013
contig_1035	bins.013
contig_1057	bins.013
contig_1058	bins.013
contig_1076	bins.013
contig_1092	bins.013
contig_11	bins.013
contig_1108	bins.013
contig_1110	bins.013
contig_1125	bins.013
contig_1127	bins.013
contig_1130	bins.013
contig_1146	bins.013
contig_1150	bins.013
contig_1154	bins.013
contig_1161	bins.013
contig_1164	bins.013
contig_1183	bins.013
contig_1189	bins.013
contig_1190	bins.013
contig_1200	bins.013
contig_1201	bins.013
contig_1207	bins.013
contig_1217	bins.013
contig_1225	bins.013
contig_1227	bins.013
contig_1237	bins.013
contig_1249	bins.013
contig_1268	bins.013
contig_1276	bins.013
contig_1290	bins.013
contig_1301	bins.013
contig_1302	bins.013
contig_1303	bins.013
contig_1316	bins.013
contig_1317	bins.013
contig_1321	bins.013
contig_133	bins.013
contig_1344	bins.013
contig_1361	bins.013
contig_1365	bins.013
contig_1367	bins.013
contig_1372	bins.013
contig_1373	bins.013
contig_1375	bins.013
contig_1387	bins.013
contig_1388	bins.013
contig_1417	bins.013
contig_1426	bins.013
contig_1429	bins.013
contig_1435	bins.013
contig_1436	bins.013
contig_1443	bins.013
contig_1455	bins.013
contig_1473	bins.013
contig_1477	bins.013
contig_1481	bins.013
contig_149	bins.013
contig_1505	bins.013
contig_1522	bins.013
contig_1541	bins.013
contig_1547	bins.013
contig_155	bins.013
contig_1550	bins.013
contig_1551	bins.013
contig_1561	bins.013
contig_158	bins.013
contig_1581	bins.013
contig_1582	bins.013
contig_1587	bins.013
contig_1599	bins.013
contig_1605	bins.013
contig_1613	bins.013
contig_1619	bins.013
contig_162	bins.013
contig_1629	bins.013
contig_1647	bins.013
contig_1654	bins.013
contig_1655	bins.013
contig_1669	bins.013
contig_1680	bins.013
contig_1687	bins.013
contig_169	bins.013
contig_1723	bins.013
contig_1726	bins.013
contig_1739	bins.013
contig_1740	bins.013
contig_1741	bins.013
contig_1744	bins.013
contig_1747	bins.013
contig_1778	bins.013
contig_1791	bins.013
contig_1798	bins.013
contig_1800	bins.013
contig_1803	bins.013
contig_1813	bins.013
contig_1825	bins.013
contig_1826	bins.013
contig_1830	bins.013
contig_1835	bins.013
contig_1838	bins.013
contig_1863	bins.013
contig_1864	bins.013
contig_1869	bins.013
contig_189	bins.013
contig_1894	bins.013
contig_19	bins.013
contig_190	bins.013
contig_1906	bins.013
contig_1909	bins.013
contig_191	bins.013
contig_1910	bins.013
contig_1918	bins.013
contig_1920	bins.013
contig_1922	bins.013
contig_1928	bins.013
contig_1931	bins.013
contig_1933	bins.013
contig_1962	bins.013
contig_1969	bins.013
contig_1986	bins.013
contig_1987	bins.013
contig_1995	bins.013
contig_1997	bins.013
contig_2010	bins.013
contig_2011	bins.013
contig_2018	bins.013
contig_2021	bins.013
contig_2027	bins.013
contig_2030	bins.013
contig_2036	bins.013
contig_2038	bins.013
contig_2044	bins.013
contig_2045	bins.013
contig_2063	bins.013
contig_2079	bins.013
contig_2084	bins.013
contig_2088	bins.013
contig_2090	bins.013
contig_211	bins.013
contig_2110	bins.013
contig_2117	bins.013
contig_2130	bins.013
contig_2131	bins.013
contig_2138	bins.013
contig_2155	bins.013
contig_2168	bins.013
contig_2175	bins.013
contig_2181	bins.013
contig_2186	bins.013
contig_22	bins.013
contig_2211	bins.013
contig_2232	bins.013
contig_2258	bins.013
contig_2264	bins.013
contig_2285	bins.013
contig_2286	bins.013
contig_2288	bins.013
contig_229	bins.013
contig_2296	bins.013
contig_2298	bins.013
contig_2310	bins.013
contig_232	bins.013
contig_2334	bins.013
contig_2335	bins.013
contig_2372	bins.013
contig_2414	bins.013
contig_2416	bins.013
contig_2421	bins.013
contig_2425	bins.013
contig_2433	bins.013
contig_2445	bins.013
contig_2446	bins.013
contig_2449	bins.013
contig_2477	bins.013
contig_2481	bins.013
contig_2483	bins.013
contig_2494	bins.013
contig_2502	bins.013
contig_2504	bins.013
contig_2515	bins.013
contig_2529	bins.013
contig_2532	bins.013
contig_2537	bins.013
contig_2540	bins.013
contig_2542	bins.013
contig_2545	bins.013
contig_2546	bins.013
contig_2561	bins.013
contig_2562	bins.013
contig_2590	bins.013
contig_2591	bins.013
contig_2592	bins.013
contig_2595	bins.013
contig_2605	bins.013
contig_2607	bins.013
contig_2625	bins.013
contig_2639	bins.013
contig_2640	bins.013
contig_2645	bins.013
contig_2648	bins.013
contig_2656	bins.013
contig_2669	bins.013
contig_267	bins.013
contig_2671	bins.013
contig_2673	bins.013
contig_2675	bins.013
contig_2681	bins.013
contig_2686	bins.013
contig_2688	bins.013
contig_2705	bins.013
contig_271	bins.013
contig_2720	bins.013
contig_2736	bins.013
contig_2740	bins.013
contig_2744	bins.013
contig_2750	bins.013
contig_2755	bins.013
contig_2760	bins.013
contig_2772	bins.013
contig_2787	bins.013
contig_2792	bins.013
contig_2809	bins.013
contig_2823	bins.013
contig_2824	bins.013
contig_2834	bins.013
contig_2837	bins.013
contig_2845	bins.013
contig_2851	bins.013
contig_2853	bins.013
contig_2860	bins.013
contig_2877	bins.013
contig_2878	bins.013
contig_288	bins.013
contig_2886	bins.013
contig_2895	bins.013
contig_2914	bins.013
contig_2917	bins.013
contig_294	bins.013
contig_2948	bins.013
contig_2965	bins.013
contig_2968	bins.013
contig_2971	bins.013
contig_299	bins.013
contig_2990	bins.013
contig_2993	bins.013
contig_3002	bins.013
contig_3003	bins.013
contig_3008	bins.013
contig_3011	bins.013
contig_3012	bins.013
contig_3021	bins.013
contig_3022	bins.013
contig_3026	bins.013
contig_3034	bins.013
contig_3036	bins.013
contig_3038	bins.013
contig_3044	bins.013
contig_3048	bins.013
contig_3068	bins.013
contig_3069	bins.013
contig_3073	bins.013
contig_3081	bins.013
contig_3096	bins.013
contig_3097	bins.013
contig_3102	bins.013
contig_3121	bins.013
contig_3123	bins.013
contig_3128	bins.013
contig_3129	bins.013
contig_3130	bins.013
contig_3146	bins.013
contig_3163	bins.013
contig_3164	bins.013
contig_3169	bins.013
contig_3170	bins.013
contig_3184	bins.013
contig_3189	bins.013
contig_319	bins.013
contig_3192	bins.013
contig_3217	bins.013
contig_3224	bins.013
contig_3235	bins.013
contig_3239	bins.013
contig_3242	bins.013
contig_3245	bins.013
contig_3251	bins.013
contig_3267	bins.013
contig_3269	bins.013
contig_3274	bins.013
contig_3277	bins.013
contig_3282	bins.013
contig_3292	bins.013
contig_3308	bins.013
contig_3313	bins.013
contig_3327	bins.013
contig_3331	bins.013
contig_334	bins.013
contig_3346	bins.013
contig_335	bins.013
contig_3381	bins.013
contig_3409	bins.013
contig_341	bins.013
contig_3411	bins.013
contig_3414	bins.013
contig_3415	bins.013
contig_342	bins.013
contig_3426	bins.013
contig_343	bins.013
contig_3459	bins.013
contig_3461	bins.013
contig_3467	bins.013
contig_347	bins.013
contig_3477	bins.013
contig_3483	bins.013
contig_3491	bins.013
contig_3495	bins.013
contig_3523	bins.013
contig_355	bins.013
contig_366	bins.013
contig_387	bins.013
contig_388	bins.013
contig_408	bins.013
contig_415	bins.013
contig_429	bins.013
contig_430	bins.013
contig_434	bins.013
contig_435	bins.013
contig_440	bins.013
contig_444	bins.013
contig_456	bins.013
contig_465	bins.013
contig_468	bins.013
contig_477	bins.013
contig_482	bins.013
contig_484	bins.013
contig_519	bins.013
contig_538	bins.013
contig_558	bins.013
contig_560	bins.013
contig_57	bins.013
contig_571	bins.013
contig_591	bins.013
contig_598	bins.013
contig_613	bins.013
contig_622	bins.013
contig_623	bins.013
contig_626	bins.013
contig_628	bins.013
contig_632	bins.013
contig_646	bins.013
contig_648	bins.013
contig_668	bins.013
contig_670	bins.013
contig_675	bins.013
contig_676	bins.013
contig_68	bins.013
contig_680	bins.013
contig_686	bins.013
contig_698	bins.013
contig_70	bins.013
contig_715	bins.013
contig_716	bins.013
contig_736	bins.013
contig_759	bins.013
contig_761	bins.013
contig_772	bins.013
contig_793	bins.013
contig_802	bins.013
contig_808	bins.013
contig_809	bins.013
contig_813	bins.013
contig_824	bins.013
contig_833	bins.013
contig_834	bins.013
contig_854	bins.013
contig_859	bins.013
contig_862	bins.013
contig_882	bins.013
contig_886	bins.013
contig_91	bins.013
contig_911	bins.013
contig_912	bins.013
contig_914	bins.013
contig_916	bins.013
contig_922	bins.013
contig_93	bins.013
contig_930	bins.013
contig_935	bins.013
contig_939	bins.013
contig_945	bins.013
contig_957	bins.013
contig_974	bins.013
contig_984	bins.013
contig_986	bins.013
contig_991	bins.013
contig_992	bins.013
contig_996	bins.013
contig_999	bins.013
contig_1003	bins.014
contig_1004	bins.014
contig_1006	bins.014
contig_103	bins.014
contig_104	bins.014
contig_1054	bins.014
contig_1071	bins.014
contig_1084	bins.014
contig_1107	bins.014
contig_1111	bins.014
contig_1143	bins.014
contig_1160	bins.014
contig_1181	bins.014
contig_1186	bins.014
contig_1188	bins.014
contig_1191	bins.014
contig_1216	bins.014
contig_1218	bins.014
contig_1229	bins.014
contig_1238	bins.014
contig_1240	bins.014
contig_1250	bins.014
contig_1253	bins.014
contig_1263	bins.014
contig_1307	bins.014
contig_131	bins.014
contig_1322	bins.014
contig_1323	bins.014
contig_1360	bins.014
contig_1366	bins.014
contig_1389	bins.014
contig_139	bins.014
contig_1415	bins.014
contig_1424	bins.014
contig_1428	bins.014
contig_1432	bins.014
contig_1457	bins.014
contig_1467	bins.014
contig_1478	bins.014
contig_1502	bins.014
contig_1510	bins.014
contig_1517	bins.014
contig_1518	bins.014
contig_1521	bins.014
contig_1530	bins.014
contig_1538	bins.014
contig_154	bins.014
contig_1548	bins.014
contig_1563	bins.014
contig_1568	bins.014
contig_1573	bins.014
contig_1585	bins.014
contig_1588	bins.014
contig_1593	bins.014
contig_1609	bins.014
contig_1610	bins.014
contig_1616	bins.014
contig_1625	bins.014
contig_1633	bins.014
contig_1638	bins.014
contig_1639	bins.014
contig_1649	bins.014
contig_1673	bins.014
contig_168	bins.014
contig_1692	bins.014
contig_1694	bins.014
contig_1698	bins.014
contig_170	bins.014
contig_1736	bins.014
contig_1752	bins.014
contig_1757	bins.014
contig_1772	bins.014
contig_1794	bins.014
contig_1817	bins.014
contig_1821	bins.014
contig_1833	bins.014
contig_1839	bins.014
contig_1842	bins.014
contig_1847	bins.014
contig_186	bins.014
contig_1868	bins.014
contig_1871	bins.014
contig_1873	bins.014
contig_1907	bins.014
contig_1919	bins.014
contig_193	bins.014
contig_1952	bins.014
contig_1954	bins.014
contig_1957	bins.014
contig_1978	bins.014
contig_1993	bins.014
contig_2000	bins.014
contig_2029	bins.014
contig_2041	bins.014
contig_2052	bins.014
contig_2083	bins.014
contig_2089	bins.014
contig_2101	bins.014
contig_2123	bins.014
contig_2124	bins.014
contig_2137	bins.014
contig_2156	bins.014
contig_2162	bins.014
contig_2204	bins.014
contig_2215	bins.014
contig_2237	bins.014
contig_2238	bins.014
contig_2239	bins.014
contig_224	bins.014
contig_2242	bins.014
contig_227	bins.014
contig_2274	bins.014
contig_2276	bins.014
contig_2307	bins.014
contig_2314	bins.014
contig_2333	bins.014
contig_2341	bins.014
contig_2344	bins.014
contig_2354	bins.014
contig_2362	bins.014
contig_2369	bins.014
contig_2388	bins.014
contig_2394	bins.014
contig_2447	bins.014
contig_2463	bins.014
contig_2480	bins.014
contig_2505	bins.014
contig_2564	bins.014
contig_2582	bins.014
contig_2616	bins.014
contig_2629	bins.014
contig_2653	bins.014
contig_2667	bins.014
contig_2685	bins.014
contig_2692	bins.014
contig_2721	bins.014
contig_2732	bins.014
contig_2738	bins.014
contig_2751	bins.014
contig_2758	bins.014
contig_2762	bins.014
contig_2767	bins.014
contig_2793	bins.014
contig_2901	bins.014
contig_2920	bins.014
contig_2930	bins.014
contig_2947	bins.014
contig_2961	bins.014
contig_2963	bins.014
contig_2992	bins.014
contig_2995	bins.014
contig_2997	bins.014
contig_3016	bins.014
contig_3039	bins.014
contig_3059	bins.014
contig_3078	bins.014
contig_3079	bins.014
contig_3091	bins.014
contig_3111	bins.014
contig_3112	bins.014
contig_3126	bins.014
contig_3136	bins.014
contig_3153	bins.014
contig_3156	bins.014
contig_3173	bins.014
contig_3181	bins.014
contig_3185	bins.014
contig_3197	bins.014
contig_3200	bins.014
contig_3201	bins.014
contig_3204	bins.014
contig_3207	bins.014
contig_3222	bins.014
contig_3226	bins.014
contig_3229	bins.014
contig_3256	bins.014
contig_3257	bins.014
contig_327	bins.014
contig_3275	bins.014
contig_3299	bins.014
contig_3301	bins.014
contig_3321	bins.014
contig_3323	bins.014
contig_3326	bins.014
contig_3342	bins.014
contig_3367	bins.014
contig_3400	bins.014
contig_3416	bins.014
contig_3425	bins.014
contig_3451	bins.014
contig_3474	bins.014
contig_349	bins.014
contig_3490	bins.014
contig_353	bins.014
contig_354	bins.014
contig_383	bins.014
contig_409	bins.014
contig_411	bins.014
contig_426	bins.014
contig_448	bins.014
contig_451	bins.014
contig_457	bins.014
contig_461	bins.014
contig_471	bins.014
contig_488	bins.014
contig_501	bins.014
contig_522	bins.014
contig_540	bins.014
contig_551	bins.014
contig_552	bins.014
contig_567	bins.014
contig_582	bins.014
contig_640	bins.014
contig_674	bins.014
contig_679	bins.014
contig_689	bins.014
contig_708	bins.014
contig_718	bins.014
contig_723	bins.014
contig_732	bins.014
contig_766	bins.014
contig_771	bins.014
contig_803	bins.014
contig_804	bins.014
contig_822	bins.014
contig_827	bins.014
contig_83	bins.014
contig_839	bins.014
contig_856	bins.014
contig_860	bins.014
contig_870	bins.014
contig_9	bins.014
contig_908	bins.014
contig_909	bins.014
contig_913	bins.014
contig_92	bins.014
contig_920	bins.014
contig_931	bins.014
contig_933	bins.014
contig_934	bins.014
contig_952	bins.014
contig_96	bins.014
