contig_1	723
contig_10	502
contig_100	651
contig_1001	1052
contig_1002	502
contig_1003	652
contig_1004	912
contig_1005	1052
contig_1006	330
contig_1007	132
contig_1008	20
contig_1009	20
contig_101	1052
contig_1010	1032
contig_1011	87
contig_1012	110
contig_1013	560
contig_1014	306
contig_1015	383
contig_1016	497
contig_1017	651
contig_1018	692
contig_1019	1334
contig_102	1052
contig_1020	1148
contig_1021	589
contig_1022	540
contig_1023	243
contig_1025	674
contig_1026	1056
contig_1027	969
contig_1028	1148
contig_1029	944
contig_103	1052
contig_1031	1246
contig_1032	1057
contig_1033	1207
contig_1034	258
contig_1035	571
contig_1037	340
contig_1038	181
contig_1039	300
contig_104	1052
contig_1041	502
contig_1044	502
contig_1045	540
contig_1046	502
contig_1047	502
contig_1049	365
contig_105	1044
contig_1052	1052
contig_1053	1052
contig_1054	987
contig_1055	173
contig_1057	553
contig_1058	969
contig_1059	551
contig_106	949
contig_1060	20
contig_1061	551
contig_1062	1258
contig_1063	470
contig_1064	589
contig_1065	740
contig_1066	224
contig_1067	589
contig_1068	492
contig_1069	806
contig_107	1204
contig_1070	135
contig_1071	1118
contig_1072	1375
contig_1074	1029
contig_1075	651
contig_1076	1113
contig_1077	605
contig_1078	1118
contig_1079	497
contig_108	1034
contig_1080	1343
contig_1082	1009
contig_1083	572
contig_1084	500
contig_1086	497
contig_1087	838
contig_1088	651
contig_109	944
contig_1090	401
contig_1091	20
contig_1092	652
contig_1093	497
contig_1094	620
contig_1097	51
contig_1098	719
contig_1099	1346
contig_11	1052
contig_110	1374
contig_1100	1052
contig_1102	502
contig_1103	87
contig_1104	1403
contig_1105	1026
contig_1106	1052
contig_1107	1425
contig_1108	860
contig_1109	1052
contig_111	683
contig_1110	958
contig_1111	1423
contig_1112	234
contig_1113	149
contig_1114	1052
contig_1115	1301
contig_1117	202
contig_1118	665
contig_1119	497
contig_112	679
contig_1121	1044
contig_1122	1328
contig_1123	237
contig_1124	1350
contig_1125	1369
contig_1127	2
contig_1128	589
contig_1129	123
contig_113	978
contig_1130	1052
contig_1131	502
contig_1132	392
contig_1133	665
contig_1135	825
contig_1136	635
contig_1137	296
contig_1138	375
contig_1139	651
contig_114	1054
contig_1140	551
contig_1141	854
contig_1142	620
contig_1143	412
contig_1144	1148
contig_1145	683
contig_1146	476
contig_1147	20
contig_1148	299
contig_1149	1052
contig_115	944
contig_1150	1254
contig_1151	1167
contig_1152	917
contig_1153	20
contig_1154	845
contig_1155	360
contig_1156	1052
contig_1157	1052
contig_1158	1148
contig_1159	870
contig_116	381
contig_1160	1007
contig_1161	2
contig_1163	1132
contig_1164	1200
contig_1165	970
contig_1166	754
contig_1167	515
contig_1168	620
contig_117	1346
contig_1170	508
contig_1171	785
contig_1172	53
contig_1173	1237
contig_1174	1052
contig_1175	556
contig_1177	407
contig_1178	502
contig_1179	218
contig_118	20
contig_1180	20
contig_1181	1235
contig_1183	1162
contig_1184	651
contig_1185	1148
contig_1186	884
contig_1187	502
contig_1188	538
contig_1189	1037
contig_119	607
contig_1190	449
contig_1191	251
contig_1192	102
contig_1193	1045
contig_1194	268
contig_1195	1340
contig_1196	1281
contig_1197	1194
contig_120	65
contig_1200	2
contig_1201	1118
contig_1202	1433
contig_1203	944
contig_1204	589
contig_1205	828
contig_1206	883
contig_1207	652
contig_1208	502
contig_1209	1152
contig_121	1148
contig_1210	1148
contig_1211	20
contig_1212	1308
contig_1213	589
contig_1214	1308
contig_1215	604
contig_1216	969
contig_1217	651
contig_1218	1423
contig_1219	360
contig_122	1148
contig_1220	559
contig_1221	505
contig_1222	356
contig_1223	781
contig_1224	1101
contig_1225	1369
contig_1226	20
contig_1227	1107
contig_1229	221
contig_123	20
contig_1230	1052
contig_1231	502
contig_1232	1091
contig_1233	553
contig_1235	312
contig_1236	1148
contig_1237	913
contig_1238	908
contig_1239	1052
contig_124	20
contig_1240	912
contig_1241	589
contig_1242	20
contig_1243	1256
contig_1244	933
contig_1245	1326
contig_1246	1343
contig_1247	651
contig_1248	515
contig_1249	606
contig_125	109
contig_1250	405
contig_1251	427
contig_1252	309
contig_1253	92
contig_1254	876
contig_1255	1118
contig_1256	486
contig_1258	360
contig_1259	20
contig_126	1385
contig_1260	139
contig_1262	1022
contig_1263	652
contig_1265	439
contig_1266	1161
contig_1268	652
contig_127	596
contig_1270	1052
contig_1272	1052
contig_1273	508
contig_1274	1054
contig_1275	1052
contig_1276	652
contig_1277	999
contig_1278	589
contig_1279	776
contig_128	20
contig_1280	1339
contig_1281	1148
contig_1284	1210
contig_1287	1052
contig_1288	1052
contig_1289	767
contig_129	1052
contig_1290	969
contig_1291	1148
contig_1292	665
contig_1293	991
contig_1294	1052
contig_1295	620
contig_1296	874
contig_1297	150
contig_1298	804
contig_1299	1350
contig_13	502
contig_130	20
contig_1300	149
contig_1301	159
contig_1302	795
contig_1303	969
contig_1304	261
contig_1305	1355
contig_1306	554
contig_1307	145
contig_1308	1473
contig_1309	497
contig_131	1423
contig_1310	60
contig_1311	648
contig_1313	1460
contig_1314	433
contig_1315	448
contig_1316	62
contig_1317	1369
contig_1318	651
contig_1319	257
contig_132	1052
contig_1320	1148
contig_1321	1052
contig_1322	1052
contig_1323	502
contig_1324	178
contig_1325	698
contig_1326	1168
contig_1327	784
contig_1328	20
contig_1329	1052
contig_133	208
contig_1330	1400
contig_1332	1052
contig_1333	620
contig_1334	288
contig_1337	497
contig_1338	589
contig_134	651
contig_1340	706
contig_1342	490
contig_1343	1060
contig_1344	682
contig_1345	905
contig_1347	1052
contig_1348	528
contig_1349	1052
contig_135	1052
contig_1351	721
contig_1352	87
contig_1354	665
contig_1355	508
contig_1356	1222
contig_1357	762
contig_1358	197
contig_1359	1062
contig_136	1424
contig_1360	1455
contig_1361	187
contig_1362	553
contig_1363	573
contig_1364	497
contig_1365	962
contig_1366	1058
contig_1367	969
contig_1368	1360
contig_1369	1044
contig_137	569
contig_1370	622
contig_1371	1230
contig_1372	969
contig_1373	397
contig_1374	561
contig_1375	1052
contig_1378	665
contig_138	1052
contig_1380	589
contig_1381	1373
contig_1382	1423
contig_1383	1005
contig_1386	937
contig_1387	465
contig_1388	2
contig_1389	1423
contig_139	1352
contig_1390	933
contig_1391	441
contig_1392	1158
contig_1394	1148
contig_1395	551
contig_1396	551
contig_1397	395
contig_1399	1346
contig_14	551
contig_140	1103
contig_1400	931
contig_1401	589
contig_1402	665
contig_1403	665
contig_1404	565
contig_1405	620
contig_1406	188
contig_1407	20
contig_141	205
contig_1411	362
contig_1414	748
contig_1415	614
contig_1416	1251
contig_1417	1279
contig_1418	1297
contig_142	551
contig_1420	1246
contig_1421	360
contig_1422	1052
contig_1423	1466
contig_1424	864
contig_1426	210
contig_1427	508
contig_1428	996
contig_1429	346
contig_143	451
contig_1430	1368
contig_1431	659
contig_1432	23
contig_1433	497
contig_1435	581
contig_1436	652
contig_1439	551
contig_144	847
contig_1440	1044
contig_1441	1348
contig_1442	620
contig_1443	213
contig_1444	20
contig_1445	793
contig_1446	944
contig_1447	445
contig_1448	1378
contig_1449	360
contig_145	817
contig_1451	665
contig_1452	87
contig_1455	1052
contig_1457	863
contig_1459	1073
contig_146	351
contig_1460	515
contig_1461	1118
contig_1462	20
contig_1463	20
contig_1464	20
contig_1465	161
contig_1466	1116
contig_1467	637
contig_1468	497
contig_1469	615
contig_147	687
contig_1470	1044
contig_1471	862
contig_1472	1170
contig_1473	1354
contig_1474	551
contig_1475	212
contig_1476	20
contig_1477	294
contig_1478	712
contig_1479	105
contig_148	683
contig_1480	1157
contig_1481	611
contig_1482	1044
contig_1483	621
contig_1484	1461
contig_1485	1040
contig_1486	812
contig_1487	1130
contig_1488	616
contig_1489	152
contig_149	489
contig_1491	1044
contig_1492	1358
contig_1494	227
contig_1495	352
contig_1496	244
contig_1498	1052
contig_1499	24
contig_15	497
contig_150	896
contig_1502	30
contig_1503	999
contig_1505	1335
contig_1506	651
contig_1507	1350
contig_1508	203
contig_151	128
contig_1510	434
contig_1511	196
contig_1512	661
contig_1513	651
contig_1514	601
contig_1515	854
contig_1516	508
contig_1517	1296
contig_1518	1052
contig_1519	551
contig_152	502
contig_1521	54
contig_1522	923
contig_1523	360
contig_1524	1125
contig_1526	382
contig_1527	469
contig_1529	769
contig_153	1307
contig_1530	780
contig_1531	1032
contig_1532	484
contig_1533	1054
contig_1534	1245
contig_1535	858
contig_1536	676
contig_1537	1246
contig_1538	291
contig_154	270
contig_1540	1052
contig_1541	550
contig_1543	362
contig_1544	325
contig_1546	639
contig_1547	1259
contig_1548	1423
contig_155	956
contig_1550	880
contig_1551	1052
contig_1552	937
contig_1553	1472
contig_1554	508
contig_1555	418
contig_1556	1044
contig_1558	1050
contig_1559	1052
contig_1560	98
contig_1561	1118
contig_1563	1369
contig_1564	497
contig_1565	1264
contig_1566	620
contig_1567	20
contig_1568	1425
contig_1569	551
contig_1570	891
contig_1573	1423
contig_1574	362
contig_1575	91
contig_1576	1248
contig_1577	589
contig_1578	1148
contig_1579	1380
contig_158	808
contig_1580	1250
contig_1581	1412
contig_1582	779
contig_1583	373
contig_1585	220
contig_1586	582
contig_1587	833
contig_1588	1221
contig_1589	589
contig_159	1156
contig_1590	272
contig_1591	909
contig_1593	928
contig_1594	873
contig_1595	358
contig_1596	515
contig_1597	665
contig_1598	1052
contig_1599	888
contig_16	764
contig_160	1202
contig_1600	87
contig_1601	549
contig_1602	744
contig_1604	1150
contig_1605	2
contig_1606	1052
contig_1607	293
contig_1609	63
contig_161	495
contig_1610	1484
contig_1613	366
contig_1614	1333
contig_1615	1052
contig_1616	981
contig_1617	1486
contig_1619	969
contig_162	1145
contig_1620	664
contig_1622	620
contig_1623	1343
contig_1624	1343
contig_1625	262
contig_1626	1052
contig_1627	1238
contig_1628	886
contig_1629	1421
contig_163	1052
contig_1630	376
contig_1631	1148
contig_1632	497
contig_1633	703
contig_1635	770
contig_1638	1311
contig_1639	1423
contig_164	283
contig_1641	20
contig_1642	20
contig_1643	769
contig_1644	650
contig_1645	497
contig_1647	2
contig_1648	1032
contig_1649	1118
contig_165	1153
contig_1650	937
contig_1651	1052
contig_1652	1358
contig_1653	681
contig_1654	1479
contig_1655	699
contig_1657	578
contig_1658	1096
contig_1659	696
contig_166	508
contig_1660	497
contig_1661	1283
contig_1662	1233
contig_1663	20
contig_1664	447
contig_1665	868
contig_1666	1053
contig_1667	620
contig_1668	1312
contig_1669	911
contig_167	1322
contig_1670	20
contig_1672	16
contig_1673	1118
contig_1675	551
contig_1676	509
contig_1677	497
contig_1678	384
contig_1679	1350
contig_168	1166
contig_1680	579
contig_1681	742
contig_1682	999
contig_1683	20
contig_1684	965
contig_1685	515
contig_1686	20
contig_1687	629
contig_1689	387
contig_169	1223
contig_1691	20
contig_1692	1090
contig_1693	872
contig_1694	1423
contig_1695	497
contig_1696	589
contig_1697	409
contig_1698	265
contig_1699	263
contig_17	920
contig_170	1423
contig_1700	277
contig_1701	651
contig_1702	1343
contig_1703	87
contig_1705	508
contig_1706	88
contig_1707	620
contig_1708	744
contig_1709	5
contig_171	589
contig_1710	733
contig_1711	149
contig_1714	362
contig_1715	112
contig_1716	391
contig_1718	146
contig_1719	856
contig_172	1308
contig_1720	116
contig_1721	87
contig_1722	1025
contig_1723	1298
contig_1724	36
contig_1725	578
contig_1726	1118
contig_1727	1269
contig_1728	1444
contig_1729	1069
contig_173	735
contig_1730	688
contig_1731	1179
contig_1732	1
contig_1733	1052
contig_1734	980
contig_1735	6
contig_1736	1423
contig_1737	584
contig_1739	1062
contig_174	354
contig_1740	956
contig_1741	11
contig_1742	172
contig_1743	35
contig_1744	1154
contig_1745	846
contig_1746	353
contig_1747	1171
contig_1748	1118
contig_1749	149
contig_175	502
contig_1751	87
contig_1752	912
contig_1753	20
contig_1754	620
contig_1755	1148
contig_1756	1376
contig_1757	1423
contig_1758	1062
contig_1760	589
contig_1761	1391
contig_1762	854
contig_1763	553
contig_1764	87
contig_1765	1012
contig_1766	668
contig_1769	497
contig_177	1403
contig_1770	1059
contig_1771	714
contig_1772	1129
contig_1773	515
contig_1774	769
contig_1775	1097
contig_1776	82
contig_1777	787
contig_1778	889
contig_178	1052
contig_1781	854
contig_1782	282
contig_1783	1469
contig_1784	499
contig_1785	932
contig_1786	944
contig_1787	1246
contig_1788	1117
contig_1789	849
contig_179	502
contig_1790	1052
contig_1791	956
contig_1792	532
contig_1793	1224
contig_1794	1423
contig_1795	20
contig_1796	589
contig_1797	976
contig_1798	969
contig_1799	651
contig_18	589
contig_180	502
contig_1800	1118
contig_1801	20
contig_1802	1333
contig_1803	519
contig_1804	589
contig_1805	837
contig_1806	1347
contig_1807	259
contig_1809	1052
contig_181	502
contig_1810	497
contig_1811	1118
contig_1812	1054
contig_1813	1118
contig_1814	97
contig_1815	1148
contig_1816	513
contig_1817	760
contig_1818	1276
contig_1819	1350
contig_182	415
contig_1820	20
contig_1821	214
contig_1822	414
contig_1823	926
contig_1824	651
contig_1825	1425
contig_1826	2
contig_1827	1470
contig_1828	653
contig_1829	20
contig_183	20
contig_1830	1372
contig_1832	843
contig_1833	567
contig_1834	743
contig_1835	396
contig_1836	260
contig_1837	651
contig_1838	628
contig_1839	775
contig_184	423
contig_1840	1049
contig_1841	1052
contig_1842	506
contig_1843	589
contig_1846	502
contig_1847	1423
contig_1848	295
contig_1849	817
contig_185	985
contig_1850	1159
contig_1851	798
contig_1852	1201
contig_1853	1367
contig_1854	1098
contig_1855	44
contig_1857	892
contig_1858	508
contig_186	1052
contig_1862	367
contig_1863	956
contig_1864	253
contig_1865	457
contig_1866	1389
contig_1867	695
contig_1868	652
contig_1869	242
contig_187	502
contig_1870	817
contig_1871	1240
contig_1872	934
contig_1873	107
contig_1874	1015
contig_1875	1052
contig_1876	633
contig_1878	20
contig_1879	394
contig_188	1052
contig_1880	1290
contig_1883	228
contig_1884	900
contig_1885	589
contig_1886	267
contig_1887	551
contig_1888	553
contig_1889	362
contig_189	1118
contig_1890	672
contig_1891	497
contig_1892	1052
contig_1893	1052
contig_1894	1052
contig_1897	1044
contig_1898	543
contig_1899	1052
contig_19	791
contig_190	507
contig_1900	2
contig_1902	42
contig_1903	1350
contig_1905	20
contig_1906	487
contig_1907	1487
contig_1908	1302
contig_1909	230
contig_191	1118
contig_1910	404
contig_1911	362
contig_1912	1148
contig_1913	1052
contig_1914	20
contig_1916	1377
contig_1918	863
contig_1919	1423
contig_192	562
contig_1920	1306
contig_1921	1343
contig_1922	969
contig_1923	817
contig_1924	1052
contig_1925	515
contig_1926	651
contig_1927	1203
contig_1928	2
contig_1929	787
contig_193	912
contig_1930	45
contig_1931	1118
contig_1932	206
contig_1933	964
contig_1934	20
contig_1936	1148
contig_1937	1289
contig_1938	931
contig_1939	1246
contig_194	916
contig_1940	551
contig_1941	1075
contig_1942	36
contig_1946	1204
contig_1947	1341
contig_195	508
contig_1950	508
contig_1951	20
contig_1952	1181
contig_1953	362
contig_1954	1423
contig_1955	452
contig_1956	921
contig_1957	627
contig_1958	666
contig_1959	620
contig_196	1148
contig_1960	169
contig_1961	1251
contig_1962	1052
contig_1963	993
contig_1964	180
contig_1965	817
contig_1966	729
contig_1967	149
contig_1968	824
contig_1969	1303
contig_197	149
contig_1970	47
contig_1972	1054
contig_1973	305
contig_1974	854
contig_1976	497
contig_1977	551
contig_1978	912
contig_1979	1448
contig_198	20
contig_1980	241
contig_1981	33
contig_1982	1126
contig_1983	20
contig_1986	643
contig_1987	1369
contig_1988	378
contig_1989	87
contig_199	292
contig_1990	651
contig_1991	324
contig_1992	87
contig_1993	1234
contig_1994	942
contig_1995	1464
contig_1997	1420
contig_1998	20
contig_1999	1383
contig_2	502
contig_20	217
contig_200	347
contig_2000	1196
contig_2003	523
contig_2005	342
contig_2006	87
contig_2007	1395
contig_2008	68
contig_2009	570
contig_2010	930
contig_2011	836
contig_2013	829
contig_2014	20
contig_2016	716
contig_2017	1416
contig_2018	2
contig_2019	1046
contig_202	1044
contig_2020	1458
contig_2021	929
contig_2022	665
contig_2023	31
contig_2024	683
contig_2025	1034
contig_2026	540
contig_2027	1208
contig_2028	651
contig_2029	1423
contig_203	741
contig_2030	1052
contig_2031	534
contig_2033	20
contig_2034	665
contig_2035	1148
contig_2036	379
contig_2037	1336
contig_2038	2
contig_2039	854
contig_204	502
contig_2040	522
contig_2041	1423
contig_2042	1189
contig_2043	1044
contig_2044	9
contig_2045	761
contig_2046	1246
contig_2047	504
contig_2048	1173
contig_2049	389
contig_205	20
contig_2050	1001
contig_2052	141
contig_2054	1052
contig_2055	502
contig_2057	1052
contig_2058	225
contig_206	1003
contig_2061	651
contig_2062	1148
contig_2063	956
contig_2064	589
contig_2065	620
contig_2066	1393
contig_2067	1052
contig_2068	1052
contig_2069	651
contig_207	1118
contig_2070	493
contig_2071	20
contig_2072	1052
contig_2073	114
contig_2074	1480
contig_2075	551
contig_2076	1052
contig_2077	1052
contig_2078	942
contig_2079	118
contig_208	854
contig_2081	771
contig_2082	1044
contig_2083	254
contig_2084	1164
contig_2085	1052
contig_2086	1052
contig_2087	20
contig_2088	108
contig_2089	1425
contig_209	817
contig_2090	510
contig_2091	301
contig_2092	87
contig_2094	1137
contig_2095	998
contig_2096	211
contig_2097	1489
contig_2099	551
contig_210	944
contig_2101	1423
contig_2102	551
contig_2103	69
contig_2104	1148
contig_2105	620
contig_2107	1148
contig_2108	961
contig_2109	1148
contig_211	483
contig_2110	652
contig_2111	1148
contig_2112	323
contig_2113	1350
contig_2114	680
contig_2115	481
contig_2116	85
contig_2117	609
contig_2118	1363
contig_2119	348
contig_2120	20
contig_2121	96
contig_2122	854
contig_2123	912
contig_2124	1423
contig_2125	1404
contig_2126	193
contig_2127	792
contig_2128	817
contig_2129	13
contig_213	502
contig_2130	1052
contig_2131	701
contig_2132	421
contig_2134	671
contig_2135	20
contig_2137	133
contig_2138	1181
contig_2139	453
contig_214	969
contig_2140	879
contig_2141	944
contig_2142	944
contig_2144	973
contig_2145	1268
contig_2146	944
contig_2149	497
contig_215	769
contig_2150	1308
contig_2151	854
contig_2152	1187
contig_2153	1343
contig_2154	899
contig_2155	1052
contig_2156	790
contig_2157	722
contig_2158	28
contig_2159	87
contig_216	360
contig_2160	1333
contig_2161	362
contig_2162	912
contig_2163	548
contig_2164	665
contig_2166	1052
contig_2167	593
contig_2168	610
contig_217	1052
contig_2170	854
contig_2171	310
contig_2172	553
contig_2174	276
contig_2175	753
contig_2176	1402
contig_2177	544
contig_2179	1052
contig_218	1148
contig_2180	502
contig_2181	502
contig_2182	498
contig_2183	229
contig_2185	307
contig_2186	336
contig_2187	817
contig_2188	444
contig_2189	683
contig_219	589
contig_2190	1366
contig_2191	1362
contig_2192	912
contig_2193	2
contig_2194	515
contig_2195	1212
contig_2196	1351
contig_2197	1411
contig_2198	87
contig_22	969
contig_220	502
contig_2200	600
contig_2201	40
contig_2202	1176
contig_2203	362
contig_2204	266
contig_2205	344
contig_2206	802
contig_2207	763
contig_2208	1252
contig_2209	437
contig_221	1052
contig_2210	835
contig_2211	1205
contig_2214	651
contig_2215	1118
contig_2216	591
contig_2217	797
contig_2218	1197
contig_2219	0
contig_222	944
contig_2220	515
contig_2221	362
contig_2222	20
contig_2224	1044
contig_2225	1052
contig_2226	589
contig_2227	27
contig_2228	620
contig_2229	935
contig_223	1052
contig_2230	1109
contig_2231	322
contig_2232	652
contig_2233	603
contig_2234	1327
contig_2235	1002
contig_2236	665
contig_2237	1038
contig_2238	1287
contig_2239	1345
contig_224	1423
contig_2240	226
contig_2241	20
contig_2242	960
contig_2243	595
contig_2244	589
contig_2245	1399
contig_2246	553
contig_2247	651
contig_2248	1027
contig_2249	819
contig_225	1321
contig_2252	87
contig_2253	1343
contig_2254	443
contig_2255	191
contig_2257	854
contig_2258	1118
contig_2259	704
contig_226	854
contig_2260	508
contig_2262	74
contig_2263	1052
contig_2264	1118
contig_2265	508
contig_2266	685
contig_2267	1052
contig_2268	933
contig_227	1456
contig_2270	867
contig_2271	1044
contig_2272	1262
contig_2274	912
contig_2275	583
contig_2276	46
contig_2277	1308
contig_2278	1338
contig_2279	1089
contig_228	511
contig_2280	3
contig_2281	1148
contig_2282	372
contig_2283	1044
contig_2284	859
contig_2285	1191
contig_2286	799
contig_2287	665
contig_2288	705
contig_2289	972
contig_229	168
contig_2290	216
contig_2292	1052
contig_2293	558
contig_2294	817
contig_2295	1446
contig_2296	765
contig_2298	1440
contig_2299	691
contig_230	20
contig_2300	1074
contig_2301	871
contig_2302	665
contig_2303	665
contig_2304	1016
contig_2305	20
contig_2306	425
contig_2307	201
contig_2308	14
contig_2309	1331
contig_231	588
contig_2310	140
contig_2311	355
contig_2312	1462
contig_2313	399
contig_2314	179
contig_2315	20
contig_2316	769
contig_2317	20
contig_2318	20
contig_2319	20
contig_232	130
contig_2320	589
contig_2321	665
contig_2322	551
contig_2323	7
contig_2324	497
contig_2325	894
contig_2326	247
contig_2327	982
contig_2328	491
contig_2330	1106
contig_2331	904
contig_2332	944
contig_2333	739
contig_2334	388
contig_2335	1052
contig_2336	316
contig_2337	126
contig_2338	1431
contig_2339	1052
contig_2340	1054
contig_2341	1405
contig_2342	651
contig_2343	1381
contig_2344	1118
contig_2345	497
contig_2346	665
contig_2347	665
contig_2349	1452
contig_235	944
contig_2350	551
contig_2352	1265
contig_2353	766
contig_2354	1285
contig_2355	592
contig_2356	665
contig_2357	362
contig_236	1052
contig_2360	20
contig_2361	20
contig_2362	830
contig_2363	1148
contig_2364	665
contig_2365	665
contig_2366	1088
contig_2367	1272
contig_2368	20
contig_2369	1118
contig_237	1052
contig_2370	1243
contig_2371	50
contig_2372	1052
contig_2373	331
contig_2374	1413
contig_2375	20
contig_2377	1052
contig_2378	1148
contig_2379	707
contig_2380	1246
contig_2382	485
contig_2383	200
contig_2386	686
contig_2387	1190
contig_2388	1423
contig_2389	589
contig_2390	190
contig_2391	662
contig_2392	20
contig_2393	623
contig_2394	840
contig_2395	778
contig_2396	137
contig_2397	1121
contig_2398	1163
contig_2399	1146
contig_2400	446
contig_2402	1308
contig_2403	1398
contig_2404	1226
contig_2405	854
contig_2406	1238
contig_2407	269
contig_2408	1118
contig_2409	149
contig_2410	1052
contig_2411	1055
contig_2412	59
contig_2413	364
contig_2414	2
contig_2416	1105
contig_2417	994
contig_2418	20
contig_2419	1044
contig_242	502
contig_2420	817
contig_2421	37
contig_2422	20
contig_2423	1186
contig_2424	360
contig_2425	2
contig_2427	377
contig_2428	936
contig_2429	555
contig_2431	1044
contig_2432	20
contig_2433	1136
contig_2435	1052
contig_2436	644
contig_2437	817
contig_2438	1342
contig_2439	1052
contig_244	1018
contig_2440	563
contig_2441	715
contig_2442	52
contig_2443	1086
contig_2445	956
contig_2446	969
contig_2447	1282
contig_2448	1148
contig_2449	1369
contig_2450	239
contig_2451	1301
contig_2453	1021
contig_2455	1052
contig_2456	1077
contig_2457	497
contig_2458	497
contig_2459	497
contig_2460	665
contig_2461	1476
contig_2462	20
contig_2463	1273
contig_2464	690
contig_2465	15
contig_2466	1332
contig_2468	73
contig_2469	1308
contig_247	502
contig_2470	640
contig_2471	87
contig_2472	854
contig_2473	20
contig_2474	589
contig_2475	393
contig_2476	1044
contig_2477	969
contig_2478	308
contig_2479	183
contig_248	1052
contig_2480	189
contig_2481	64
contig_2482	551
contig_2483	774
contig_2484	87
contig_2485	1428
contig_2486	866
contig_2487	1148
contig_2488	551
contig_2490	1044
contig_2491	952
contig_2492	497
contig_2493	589
contig_2494	626
contig_2495	1052
contig_2496	732
contig_2497	630
contig_2498	1358
contig_2499	1032
contig_250	801
contig_2500	1477
contig_2501	1140
contig_2502	1034
contig_2503	940
contig_2504	955
contig_2505	480
contig_2506	20
contig_2509	20
contig_2510	371
contig_2511	1005
contig_2512	524
contig_2513	551
contig_2514	933
contig_2515	1052
contig_2516	551
contig_2517	1044
contig_2518	43
contig_2519	71
contig_2520	454
contig_2521	665
contig_2524	1052
contig_2525	553
contig_2526	36
contig_2527	1147
contig_2528	620
contig_2529	956
contig_2530	362
contig_2531	1052
contig_2532	297
contig_2533	1242
contig_2534	1052
contig_2535	508
contig_2536	345
contig_2537	749
contig_2538	854
contig_2539	663
contig_254	410
contig_2540	788
contig_2541	1253
contig_2542	652
contig_2543	589
contig_2544	209
contig_2545	956
contig_2546	1052
contig_2547	20
contig_2548	1052
contig_255	518
contig_2550	502
contig_2551	651
contig_2552	922
contig_2553	589
contig_2554	1052
contig_2555	87
contig_2556	1010
contig_2557	515
contig_2558	420
contig_2559	589
contig_256	502
contig_2560	58
contig_2561	111
contig_2562	956
contig_2563	497
contig_2564	956
contig_2565	551
contig_2566	665
contig_2567	551
contig_2568	286
contig_2569	963
contig_257	757
contig_2570	113
contig_2571	665
contig_2572	1005
contig_2573	1052
contig_2574	1427
contig_2575	512
contig_2576	651
contig_2577	1397
contig_2578	1034
contig_2579	625
contig_258	315
contig_2580	854
contig_2581	1052
contig_2582	1217
contig_2583	1041
contig_2584	1052
contig_2585	814
contig_2586	1128
contig_2587	1178
contig_2588	1082
contig_2589	1148
contig_259	827
contig_2590	817
contig_2591	67
contig_2592	66
contig_2593	87
contig_2594	149
contig_2595	1293
contig_2596	360
contig_2597	459
contig_2598	1052
contig_2599	87
contig_260	369
contig_2600	551
contig_2601	87
contig_2602	1054
contig_2603	1044
contig_2604	589
contig_2605	2
contig_2606	380
contig_2607	75
contig_2608	1148
contig_2609	589
contig_2610	1052
contig_2611	497
contig_2612	620
contig_2613	1138
contig_2614	713
contig_2615	1142
contig_2616	334
contig_2617	1141
contig_2618	747
contig_2619	508
contig_262	502
contig_2620	349
contig_2621	430
contig_2623	215
contig_2624	854
contig_2625	878
contig_2626	149
contig_2627	1483
contig_2628	1394
contig_2629	264
contig_2630	1246
contig_2631	1343
contig_2632	1014
contig_2633	651
contig_2634	1445
contig_2635	360
contig_2636	678
contig_2637	620
contig_2638	977
contig_2639	1345
contig_2640	1174
contig_2641	20
contig_2642	882
contig_2643	1044
contig_2644	944
contig_2645	1118
contig_2646	1052
contig_2647	362
contig_2648	1124
contig_2649	1246
contig_265	502
contig_2650	2
contig_2651	651
contig_2652	1353
contig_2653	466
contig_2654	149
contig_2655	156
contig_2656	832
contig_2657	149
contig_2658	769
contig_266	689
contig_2660	1267
contig_2661	854
contig_2662	983
contig_2663	289
contig_2664	1052
contig_2665	634
contig_2666	442
contig_2667	1277
contig_2669	1131
contig_267	1052
contig_2670	816
contig_2671	335
contig_2672	1148
contig_2673	969
contig_2674	589
contig_2675	566
contig_2676	386
contig_2677	1036
contig_2678	895
contig_2679	494
contig_268	502
contig_2680	944
contig_2681	912
contig_2682	497
contig_2683	370
contig_2684	769
contig_2685	969
contig_2686	271
contig_2687	1348
contig_2688	673
contig_2689	1054
contig_269	502
contig_2690	497
contig_2691	541
contig_2692	57
contig_2693	1244
contig_2694	1052
contig_2695	497
contig_2696	1052
contig_2697	502
contig_270	1198
contig_2701	1054
contig_2702	360
contig_2703	966
contig_2704	1052
contig_2705	956
contig_2706	1148
contig_2707	497
contig_2708	515
contig_2709	245
contig_271	956
contig_2710	1404
contig_2711	158
contig_2712	1246
contig_2713	87
contig_2714	87
contig_2715	1118
contig_2716	94
contig_2717	1119
contig_2718	683
contig_2719	665
contig_272	362
contig_2720	969
contig_2721	956
contig_2722	665
contig_2723	617
contig_2724	321
contig_2727	1249
contig_2728	320
contig_2729	551
contig_2730	1052
contig_2731	1308
contig_2732	612
contig_2733	683
contig_2735	1209
contig_2736	956
contig_2737	1102
contig_2738	298
contig_2739	1246
contig_274	1052
contig_2740	1345
contig_2741	755
contig_2742	1052
contig_2743	1052
contig_2744	275
contig_2745	360
contig_2746	508
contig_2747	931
contig_2748	1148
contig_2749	1044
contig_275	831
contig_2750	855
contig_2751	852
contig_2752	1019
contig_2753	974
contig_2754	497
contig_2755	1292
contig_2756	1078
contig_2757	724
contig_2758	287
contig_2759	1052
contig_2760	1052
contig_2762	996
contig_2763	400
contig_2764	651
contig_2765	1118
contig_2766	944
contig_2767	898
contig_2768	1044
contig_2769	1052
contig_277	944
contig_2770	1034
contig_2771	1148
contig_2772	956
contig_2773	1315
contig_2775	1052
contig_2777	274
contig_2778	1426
contig_2779	1074
contig_278	20
contig_2780	1066
contig_2781	360
contig_2782	1052
contig_2783	496
contig_2784	589
contig_2785	665
contig_2786	78
contig_2787	956
contig_2788	20
contig_2789	87
contig_279	1052
contig_2790	1346
contig_2791	642
contig_2792	1139
contig_2793	1390
contig_2794	751
contig_2795	1094
contig_2796	1152
contig_2797	697
contig_2798	651
contig_2799	1343
contig_280	502
contig_2800	1246
contig_2801	665
contig_2802	1349
contig_2803	360
contig_2804	1052
contig_2805	360
contig_2806	1151
contig_2807	360
contig_2808	1017
contig_2809	2
contig_2810	198
contig_2811	1475
contig_2812	1403
contig_2813	1350
contig_2814	142
contig_2815	651
contig_2816	551
contig_2817	360
contig_2818	1401
contig_2819	20
contig_282	20
contig_2820	1343
contig_2821	589
contig_2822	551
contig_2823	413
contig_2824	2
contig_2825	782
contig_2826	1118
contig_2827	119
contig_2828	285
contig_283	20
contig_2830	87
contig_2831	515
contig_2832	90
contig_2833	914
contig_2834	1384
contig_2835	618
contig_2836	999
contig_2837	462
contig_2838	20
contig_2839	10
contig_284	944
contig_2840	435
contig_2841	478
contig_2842	20
contig_2843	1054
contig_2844	665
contig_2845	488
contig_2846	20
contig_2847	1467
contig_2848	1195
contig_2849	20
contig_285	631
contig_2850	1048
contig_2851	752
contig_2852	1155
contig_2853	1369
contig_2854	1333
contig_2856	854
contig_2858	1052
contig_2859	933
contig_2860	1118
contig_2861	1183
contig_2862	651
contig_2863	551
contig_2864	651
contig_2865	497
contig_2866	450
contig_2867	497
contig_2868	1044
contig_2869	589
contig_287	783
contig_2870	551
contig_2871	620
contig_2872	1156
contig_2873	1350
contig_2874	428
contig_2875	551
contig_2876	1344
contig_2877	440
contig_2878	72
contig_288	969
contig_2880	589
contig_2881	1122
contig_2882	854
contig_2883	467
contig_2885	1148
contig_2886	652
contig_2887	497
contig_2888	551
contig_2889	138
contig_2890	1052
contig_2893	402
contig_2894	944
contig_2895	526
contig_2896	1350
contig_2897	759
contig_2898	564
contig_2899	1246
contig_290	182
contig_2900	969
contig_2901	1423
contig_2902	910
contig_2903	885
contig_2904	1148
contig_2905	1350
contig_2906	385
contig_2907	1439
contig_2908	87
contig_2909	641
contig_291	938
contig_2910	1301
contig_2911	811
contig_2912	508
contig_2913	304
contig_2914	472
contig_2915	933
contig_2916	738
contig_2917	1118
contig_2918	1052
contig_2919	1323
contig_292	1052
contig_2920	956
contig_2921	1083
contig_2922	1365
contig_2923	557
contig_2924	651
contig_2925	199
contig_2926	1478
contig_2927	665
contig_293	551
contig_2930	646
contig_2931	1044
contig_2932	552
contig_2933	508
contig_2934	1436
contig_2935	56
contig_2936	56
contig_2937	720
contig_2938	1158
contig_2939	1343
contig_294	956
contig_2940	357
contig_2941	1151
contig_2942	1013
contig_2943	815
contig_2945	515
contig_2946	586
contig_2947	912
contig_2948	1028
contig_2949	1011
contig_295	1052
contig_2950	568
contig_2952	1410
contig_2953	1317
contig_2954	620
contig_2955	460
contig_2956	1118
contig_2957	1278
contig_2958	1044
contig_2959	675
contig_296	1241
contig_2961	1451
contig_2963	1423
contig_2965	1304
contig_2966	1333
contig_2967	163
contig_2968	969
contig_297	1403
contig_2970	1343
contig_2971	969
contig_2972	854
contig_2973	508
contig_2974	684
contig_2975	589
contig_2976	1110
contig_2977	341
contig_2978	946
contig_2979	20
contig_298	1052
contig_2980	497
contig_2981	1396
contig_2982	711
contig_2984	1429
contig_2985	317
contig_2986	574
contig_2988	1054
contig_2989	1115
contig_299	1052
contig_2990	1324
contig_2991	694
contig_2992	1423
contig_2993	1471
contig_2994	508
contig_2995	1236
contig_2996	1246
contig_2997	1423
contig_2998	1044
contig_2999	87
contig_3	540
contig_300	944
contig_3000	589
contig_3001	360
contig_3002	956
contig_3003	956
contig_3004	1320
contig_3005	1052
contig_3006	149
contig_3007	665
contig_3008	652
contig_3009	219
contig_3010	240
contig_3011	737
contig_3012	455
contig_3013	362
contig_3014	362
contig_3015	1120
contig_3016	597
contig_3017	1034
contig_3018	794
contig_3019	730
contig_302	589
contig_3021	665
contig_3022	521
contig_3023	1295
contig_3024	1343
contig_3025	497
contig_3026	1133
contig_3027	1052
contig_3028	517
contig_3029	665
contig_303	589
contig_3030	89
contig_3031	1246
contig_3032	1052
contig_3034	1112
contig_3035	817
contig_3036	436
contig_3037	620
contig_3038	1228
contig_3039	969
contig_304	149
contig_3041	725
contig_3042	18
contig_3043	1052
contig_3044	1068
contig_3045	665
contig_3046	32
contig_3047	875
contig_3048	1000
contig_3049	360
contig_305	677
contig_3050	87
contig_3051	551
contig_3052	390
contig_3053	551
contig_3054	654
contig_3055	817
contig_3056	750
contig_3057	651
contig_3058	1305
contig_3059	1425
contig_306	869
contig_3060	665
contig_3061	20
contig_3063	160
contig_3064	665
contig_3065	1044
contig_3066	93
contig_3067	651
contig_3068	1299
contig_3069	956
contig_307	1343
contig_3070	1318
contig_3071	438
contig_3072	651
contig_3073	134
contig_3074	1052
contig_3076	651
contig_3077	508
contig_3078	319
contig_3079	1052
contig_3080	2
contig_3081	235
contig_3082	20
contig_3084	497
contig_3085	248
contig_3086	1251
contig_3088	101
contig_3089	497
contig_309	426
contig_3091	1294
contig_3092	1148
contig_3093	651
contig_3094	1067
contig_3095	1052
contig_3096	474
contig_3097	956
contig_3098	665
contig_3099	87
contig_310	497
contig_3101	87
contig_3102	1052
contig_3103	953
contig_3104	589
contig_3105	608
contig_3106	87
contig_3107	2
contig_3108	87
contig_3109	87
contig_311	362
contig_3110	477
contig_3111	1052
contig_3112	918
contig_3113	651
contig_3114	508
contig_3115	508
contig_3116	1108
contig_3117	589
contig_3118	933
contig_3119	826
contig_312	362
contig_3121	55
contig_3122	87
contig_3123	969
contig_3124	551
contig_3125	49
contig_3126	326
contig_3127	148
contig_3128	1314
contig_3129	1139
contig_313	589
contig_3130	527
contig_3131	769
contig_3132	458
contig_3133	589
contig_3134	1257
contig_3135	933
contig_3136	652
contig_3137	149
contig_3138	20
contig_314	1052
contig_3140	1148
contig_3141	576
contig_3142	620
contig_3143	20
contig_3144	1388
contig_3145	1032
contig_3146	1423
contig_3148	954
contig_3149	1062
contig_315	1350
contig_3150	539
contig_3151	515
contig_3152	1052
contig_3153	1423
contig_3155	756
contig_3156	22
contig_3158	613
contig_3159	535
contig_316	360
contig_3160	1043
contig_3161	1430
contig_3162	1148
contig_3163	969
contig_3164	185
contig_3165	551
contig_3166	598
contig_3167	508
contig_3168	360
contig_3169	1450
contig_317	1246
contig_3170	1118
contig_3171	149
contig_3172	278
contig_3173	1423
contig_3174	660
contig_3175	184
contig_3176	1270
contig_3178	432
contig_3179	497
contig_318	1061
contig_3181	279
contig_3182	817
contig_3183	1417
contig_3184	1080
contig_3185	1423
contig_3187	1148
contig_3188	1044
contig_3189	1369
contig_319	956
contig_3190	854
contig_3191	20
contig_3192	252
contig_3193	649
contig_3194	1148
contig_3195	1350
contig_3196	350
contig_3197	912
contig_3198	1403
contig_3199	941
contig_320	20
contig_3200	1423
contig_3201	1423
contig_3203	81
contig_3204	281
contig_3205	1114
contig_3206	1239
contig_3207	1144
contig_3209	589
contig_321	20
contig_3210	95
contig_3211	850
contig_3212	589
contig_3213	1231
contig_3214	204
contig_3215	969
contig_3216	589
contig_3217	813
contig_3218	362
contig_3219	823
contig_322	20
contig_3220	700
contig_3221	551
contig_3222	1165
contig_3223	1453
contig_3224	786
contig_3225	1346
contig_3226	29
contig_3227	339
contig_3228	995
contig_3229	1455
contig_323	362
contig_3230	1148
contig_3231	20
contig_3232	87
contig_3233	1310
contig_3234	817
contig_3235	2
contig_3236	508
contig_3237	1044
contig_3238	99
contig_3239	1255
contig_324	585
contig_3240	683
contig_3241	651
contig_3242	1118
contig_3243	2
contig_3245	969
contig_3246	651
contig_3247	956
contig_3248	1044
contig_3249	20
contig_325	599
contig_3250	256
contig_3251	656
contig_3252	903
contig_3253	979
contig_3254	1185
contig_3255	1160
contig_3256	1474
contig_3257	318
contig_3258	154
contig_3259	1054
contig_326	34
contig_3260	1044
contig_3261	1052
contig_3262	1216
contig_3263	2
contig_3264	515
contig_3265	551
contig_3266	853
contig_3267	1062
contig_3268	20
contig_3269	153
contig_327	520
contig_3270	508
contig_3271	817
contig_3272	986
contig_3273	1032
contig_3274	223
contig_3275	887
contig_3276	1052
contig_3277	969
contig_3278	166
contig_3279	1465
contig_328	1052
contig_3280	542
contig_3281	303
contig_3282	1052
contig_3283	1052
contig_3284	1052
contig_3285	769
contig_3286	1072
contig_3287	1063
contig_3288	231
contig_3289	817
contig_329	1052
contig_3290	87
contig_3291	1371
contig_3292	1319
contig_3293	948
contig_3294	1432
contig_3295	1329
contig_3296	149
contig_3297	620
contig_3298	149
contig_3299	1423
contig_330	1052
contig_3300	508
contig_3301	1455
contig_3303	419
contig_3304	222
contig_3305	149
contig_3306	1054
contig_3307	1218
contig_3308	969
contig_3309	273
contig_3310	704
contig_3311	127
contig_3312	360
contig_3313	479
contig_3314	20
contig_3316	620
contig_3317	1204
contig_3318	658
contig_332	1052
contig_3320	665
contig_3321	912
contig_3322	789
contig_3323	996
contig_3324	805
contig_3325	515
contig_3326	333
contig_3327	1006
contig_3329	1188
contig_333	406
contig_3330	232
contig_3331	1118
contig_3332	1443
contig_3333	328
contig_3334	1415
contig_3335	497
contig_3336	1308
contig_3337	1076
contig_3338	731
contig_3339	1238
contig_334	2
contig_3340	589
contig_3341	939
contig_3342	1423
contig_3344	1346
contig_3345	1204
contig_3346	726
contig_3347	577
contig_3348	1232
contig_3349	502
contig_335	514
contig_3350	502
contig_3351	502
contig_3352	502
contig_3353	502
contig_3355	502
contig_3356	502
contig_3357	87
contig_3358	25
contig_336	1044
contig_3360	1118
contig_3361	362
contig_3362	1052
contig_3363	944
contig_3364	810
contig_3365	944
contig_3366	120
contig_3367	125
contig_3368	1052
contig_3369	951
contig_337	551
contig_3370	508
contig_3371	502
contig_3372	502
contig_3373	1052
contig_3374	589
contig_3375	1313
contig_3376	502
contig_3377	1148
contig_3379	1099
contig_338	1308
contig_3380	551
contig_3381	969
contig_3382	944
contig_3383	502
contig_3384	502
contig_3385	589
contig_3386	1052
contig_3387	311
contig_339	971
contig_3391	589
contig_3392	1052
contig_3393	1052
contig_3394	1052
contig_3395	87
contig_3396	1052
contig_3399	669
contig_340	20
contig_3400	912
contig_3401	992
contig_3402	854
contig_3403	115
contig_3404	1052
contig_3405	1246
contig_3406	854
contig_3407	1148
contig_3408	368
contig_3409	2
contig_341	817
contig_3410	359
contig_3411	1052
contig_3412	87
contig_3413	619
contig_3414	1052
contig_3415	177
contig_3416	531
contig_3417	547
contig_3418	727
contig_3419	997
contig_342	122
contig_3420	651
contig_3421	1226
contig_3422	589
contig_3423	338
contig_3424	540
contig_3425	841
contig_3426	956
contig_3427	497
contig_3428	497
contig_3429	665
contig_343	1118
contig_3430	1403
contig_3431	817
contig_3432	1148
contig_3433	1148
contig_3434	502
contig_3435	1052
contig_3437	537
contig_3439	589
contig_344	1263
contig_3440	362
contig_3441	1052
contig_3442	17
contig_3444	1052
contig_3445	502
contig_3447	734
contig_3448	1052
contig_3449	746
contig_345	1052
contig_3451	912
contig_3452	1099
contig_3453	473
contig_3454	540
contig_3455	502
contig_3456	516
contig_3457	1387
contig_3458	1005
contig_3459	956
contig_346	1052
contig_3460	736
contig_3461	1052
contig_3462	551
contig_3463	144
contig_3464	1052
contig_3465	1344
contig_3466	589
contig_3467	969
contig_3468	1052
contig_347	1062
contig_3470	589
contig_3472	1052
contig_3473	1100
contig_3474	1052
contig_3475	944
contig_3477	919
contig_3478	665
contig_3479	131
contig_348	149
contig_3480	1052
contig_3481	186
contig_3482	362
contig_3483	529
contig_3484	1044
contig_3486	1437
contig_3487	497
contig_3488	338
contig_3489	1052
contig_349	1423
contig_3490	1052
contig_3491	957
contig_3492	1052
contig_3493	87
contig_3495	665
contig_3496	362
contig_3498	1052
contig_3499	1149
contig_350	508
contig_3500	39
contig_3501	988
contig_3502	944
contig_3503	857
contig_3504	1052
contig_3505	1042
contig_3507	1358
contig_3508	1148
contig_3509	1291
contig_351	620
contig_3510	1052
contig_3511	362
contig_3512	718
contig_3513	362
contig_3514	155
contig_3515	1301
contig_3517	87
contig_3518	1024
contig_352	945
contig_3520	362
contig_3521	56
contig_3523	969
contig_353	1288
contig_354	417
contig_355	61
contig_356	1301
contig_357	151
contig_358	1392
contig_359	233
contig_360	620
contig_361	1085
contig_362	620
contig_363	969
contig_364	651
contig_365	20
contig_366	1118
contig_367	1044
contig_368	1052
contig_372	1111
contig_375	515
contig_376	515
contig_377	848
contig_379	456
contig_380	1308
contig_381	497
contig_382	1246
contig_383	1030
contig_384	769
contig_385	769
contig_386	665
contig_387	1118
contig_388	1118
contig_389	362
contig_390	1052
contig_391	632
contig_393	1032
contig_394	508
contig_395	87
contig_396	854
contig_397	20
contig_399	20
contig_4	362
contig_400	1350
contig_402	1093
contig_403	1246
contig_404	1260
contig_405	515
contig_406	1481
contig_407	41
contig_408	422
contig_409	1104
contig_410	1044
contig_411	236
contig_412	773
contig_413	1206
contig_414	103
contig_415	1052
contig_419	655
contig_420	1442
contig_421	38
contig_422	314
contig_423	651
contig_424	1148
contig_425	362
contig_426	624
contig_427	854
contig_429	165
contig_430	461
contig_431	817
contig_432	652
contig_433	1177
contig_434	1134
contig_435	1052
contig_436	508
contig_438	502
contig_439	502
contig_44	1308
contig_440	956
contig_442	580
contig_443	1220
contig_444	956
contig_445	1251
contig_446	525
contig_447	1052
contig_448	1052
contig_449	411
contig_450	1052
contig_451	502
contig_452	1330
contig_453	1382
contig_454	194
contig_455	502
contig_456	1169
contig_457	1370
contig_459	508
contig_460	2
contig_461	1211
contig_462	170
contig_463	79
contig_464	1350
contig_465	956
contig_466	709
contig_467	1308
contig_468	1052
contig_470	1193
contig_471	1423
contig_472	238
contig_473	1052
contig_475	1052
contig_476	515
contig_477	8
contig_478	702
contig_481	1099
contig_482	652
contig_483	967
contig_484	590
contig_485	87
contig_486	290
contig_487	1379
contig_488	1084
contig_489	796
contig_491	620
contig_492	1148
contig_493	497
contig_494	1343
contig_495	1284
contig_496	1364
contig_497	1343
contig_498	803
contig_499	817
contig_5	362
contig_500	280
contig_501	1455
contig_502	1182
contig_503	1052
contig_507	822
contig_508	363
contig_509	416
contig_510	1052
contig_511	1308
contig_512	744
contig_513	744
contig_514	744
contig_515	710
contig_516	147
contig_517	1435
contig_518	817
contig_519	502
contig_520	636
contig_522	1052
contig_523	86
contig_525	502
contig_526	589
contig_527	652
contig_529	497
contig_53	665
contig_530	497
contig_531	497
contig_532	502
contig_533	502
contig_536	1333
contig_537	100
contig_538	1438
contig_539	84
contig_54	284
contig_540	2
contig_541	551
contig_542	931
contig_543	533
contig_544	1062
contig_545	667
contig_546	1409
contig_548	1418
contig_549	1326
contig_55	87
contig_550	1079
contig_551	652
contig_552	1031
contig_553	651
contig_554	589
contig_555	1357
contig_556	1052
contig_557	693
contig_558	1215
contig_559	497
contig_56	1052
contig_560	2
contig_561	589
contig_562	925
contig_563	502
contig_567	772
contig_568	992
contig_569	1052
contig_57	1356
contig_570	1004
contig_571	996
contig_572	117
contig_574	657
contig_576	136
contig_577	80
contig_578	502
contig_58	1052
contig_581	1052
contig_582	1423
contig_583	129
contig_584	502
contig_585	651
contig_586	1424
contig_587	1052
contig_588	1052
contig_589	20
contig_590	546
contig_591	1118
contig_592	374
contig_593	497
contig_595	1052
contig_597	942
contig_598	255
contig_6	502
contig_60	1275
contig_600	162
contig_603	70
contig_604	1350
contig_605	1052
contig_606	1337
contig_607	1369
contig_609	87
contig_61	1485
contig_610	360
contig_611	1052
contig_613	1065
contig_616	337
contig_617	594
contig_618	1052
contig_619	104
contig_62	502
contig_620	1054
contig_621	360
contig_622	1081
contig_623	717
contig_624	854
contig_625	1359
contig_626	1219
contig_628	1095
contig_629	143
contig_630	1044
contig_631	1403
contig_632	1229
contig_633	20
contig_634	1344
contig_635	497
contig_636	497
contig_637	246
contig_638	1419
contig_639	1044
contig_64	87
contig_640	1463
contig_641	665
contig_644	990
contig_645	502
contig_646	502
contig_647	502
contig_648	1052
contig_649	665
contig_65	362
contig_650	933
contig_651	20
contig_652	1052
contig_654	1052
contig_655	1309
contig_656	2
contig_657	362
contig_658	1343
contig_659	1175
contig_66	1143
contig_662	551
contig_663	464
contig_664	1441
contig_665	821
contig_666	589
contig_667	1052
contig_668	984
contig_669	854
contig_670	1135
contig_671	1423
contig_672	1158
contig_673	195
contig_674	1051
contig_675	1118
contig_676	1286
contig_677	620
contig_678	647
contig_679	2
contig_68	1148
contig_680	471
contig_681	1156
contig_683	468
contig_684	1118
contig_685	1092
contig_686	817
contig_687	508
contig_689	503
contig_690	176
contig_691	362
contig_694	665
contig_695	20
contig_696	1227
contig_697	1132
contig_698	808
contig_7	502
contig_70	174
contig_700	175
contig_701	497
contig_702	313
contig_703	149
contig_704	578
contig_705	361
contig_706	87
contig_708	1423
contig_709	817
contig_710	545
contig_711	589
contig_712	20
contig_713	665
contig_714	992
contig_715	177
contig_716	1123
contig_717	931
contig_718	1087
contig_719	362
contig_72	648
contig_720	947
contig_721	768
contig_722	207
contig_723	1447
contig_724	1404
contig_725	1408
contig_726	1434
contig_727	638
contig_729	854
contig_73	1052
contig_730	890
contig_731	1044
contig_732	820
contig_733	975
contig_734	362
contig_735	865
contig_736	761
contig_737	1047
contig_738	19
contig_74	851
contig_740	817
contig_741	839
contig_742	999
contig_743	907
contig_744	1052
contig_745	959
contig_746	1052
contig_747	20
contig_748	651
contig_75	1052
contig_750	551
contig_751	1199
contig_752	589
contig_753	834
contig_754	602
contig_755	106
contig_756	157
contig_757	1225
contig_759	969
contig_76	897
contig_760	530
contig_761	893
contig_762	1449
contig_763	515
contig_764	20
contig_765	250
contig_766	1033
contig_767	124
contig_768	818
contig_769	1052
contig_770	1172
contig_771	2
contig_772	1118
contig_773	817
contig_774	807
contig_775	1052
contig_776	497
contig_777	1271
contig_778	589
contig_78	944
contig_780	482
contig_781	1052
contig_782	1099
contig_783	1344
contig_784	1238
contig_786	1039
contig_787	502
contig_788	1247
contig_789	1044
contig_79	670
contig_790	87
contig_791	87
contig_792	1044
contig_793	403
contig_794	360
contig_795	408
contig_796	338
contig_797	338
contig_798	338
contig_799	338
contig_800	398
contig_801	1052
contig_802	1052
contig_803	1052
contig_804	1052
contig_805	502
contig_806	501
contig_807	1454
contig_808	1052
contig_809	969
contig_81	1052
contig_810	1325
contig_811	551
contig_812	1482
contig_813	1118
contig_814	508
contig_815	1422
contig_817	854
contig_818	167
contig_819	475
contig_82	362
contig_820	327
contig_821	1246
contig_822	4
contig_823	508
contig_824	429
contig_825	497
contig_826	589
contig_827	758
contig_828	589
contig_829	20
contig_83	1052
contig_830	83
contig_831	12
contig_832	515
contig_833	1052
contig_834	1052
contig_835	343
contig_836	20
contig_837	20
contig_838	502
contig_839	1423
contig_842	800
contig_843	1361
contig_844	844
contig_845	249
contig_846	944
contig_849	1300
contig_85	540
contig_850	745
contig_851	943
contig_852	497
contig_853	1457
contig_854	645
contig_855	1184
contig_856	989
contig_857	1062
contig_858	1180
contig_859	1407
contig_86	502
contig_860	1423
contig_861	121
contig_862	192
contig_863	1148
contig_865	551
contig_866	515
contig_867	1148
contig_868	651
contig_869	620
contig_87	944
contig_870	652
contig_872	515
contig_874	551
contig_875	536
contig_876	589
contig_878	1044
contig_879	1261
contig_88	1099
contig_880	950
contig_882	1316
contig_883	1052
contig_884	332
contig_885	26
contig_886	1280
contig_887	651
contig_888	1204
contig_889	551
contig_890	87
contig_892	924
contig_893	1488
contig_894	665
contig_895	1350
contig_896	651
contig_897	589
contig_898	1127
contig_899	1406
contig_9	502
contig_900	877
contig_901	1005
contig_902	431
contig_903	497
contig_904	708
contig_905	87
contig_906	20
contig_907	589
contig_908	1425
contig_909	1064
contig_91	463
contig_910	21
contig_911	652
contig_912	1148
contig_913	164
contig_914	956
contig_915	48
contig_916	1266
contig_917	861
contig_918	1052
contig_919	424
contig_92	1052
contig_920	881
contig_921	1192
contig_922	1071
contig_924	1404
contig_925	149
contig_926	1052
contig_927	1459
contig_928	1020
contig_929	329
contig_93	1052
contig_930	969
contig_931	1035
contig_932	1148
contig_933	809
contig_934	1468
contig_935	1052
contig_936	1213
contig_937	587
contig_938	575
contig_939	956
contig_94	1148
contig_940	1070
contig_941	76
contig_942	1118
contig_943	1148
contig_944	906
contig_945	901
contig_946	817
contig_947	497
contig_948	842
contig_949	902
contig_950	553
contig_951	77
contig_952	1423
contig_953	551
contig_955	20
contig_956	1148
contig_957	1118
contig_958	1023
contig_959	1118
contig_96	2
contig_960	1414
contig_961	20
contig_962	777
contig_963	915
contig_964	944
contig_965	944
contig_966	1052
contig_967	171
contig_968	20
contig_969	302
contig_970	769
contig_971	665
contig_972	1385
contig_973	1052
contig_974	652
contig_976	1052
contig_977	1008
contig_978	933
contig_979	1148
contig_98	360
contig_980	20
contig_981	1052
contig_982	20
contig_983	1052
contig_984	968
contig_985	1274
contig_986	1052
contig_987	20
contig_988	497
contig_989	956
contig_99	1214
contig_990	944
contig_991	1052
contig_992	927
contig_993	728
contig_994	508
contig_995	1386
contig_996	1052
contig_997	1148
contig_999	969
